date,bakery_id,reconstructed_deficit,recipient_cases,recipient_products,earliest_stockout_hour,latest_stockout_hour,strict_usable_surplus,balance_only_surplus,all_product_surplus,donor_products,late_confirmed_surplus,strict_usable_coverage,strict_usable_allocation_component,strict_usable_volume_gap,strict_usable_excess,strict_usable_mechanism,balance_only_coverage,balance_only_allocation_component,balance_only_volume_gap,balance_only_excess,balance_only_mechanism,all_product_coverage,all_product_allocation_component,all_product_volume_gap,all_product_excess,all_product_mechanism,late_confirmed_coverage,late_confirmed_allocation_component,late_confirmed_volume_gap,late_confirmed_excess,late_confirmed_mechanism
2026-06-01,16,9.75558867313408,3,3,10.0,19.0,22.0,41.0,28.0,7,22.0,2.2551176291991286,9.75558867313408,0.0,12.24441132686592,allocation_plus_excess_supported,4.202719218052922,9.75558867313408,0.0,31.244411326865922,allocation_plus_excess_supported,2.8701497098898003,9.75558867313408,0.0,18.244411326865922,allocation_plus_excess_supported,2.2551176291991286,9.75558867313408,0.0,12.24441132686592,allocation_plus_excess_supported
2026-06-01,21,18.0,2,2,14.0,16.0,13.0,18.0,15.0,6,9.0,0.7222222222222222,13.0,5.0,0.0,mixed_supported,1.0,18.0,0.0,0.0,allocation_balanced_supported,0.8333333333333334,15.0,3.0,0.0,mixed_supported,0.5,9.0,9.0,0.0,mixed_supported
2026-06-01,22,19.70152242942477,3,3,13.0,18.0,32.0,60.0,33.0,8,31.0,1.6242399598625492,19.70152242942477,0.0,12.29847757057523,allocation_plus_excess_supported,3.0454499247422797,19.70152242942477,0.0,40.29847757057523,allocation_plus_excess_supported,1.6749974586082539,19.70152242942477,0.0,13.29847757057523,allocation_plus_excess_supported,1.5734824611168445,19.70152242942477,0.0,11.29847757057523,allocation_plus_excess_supported
2026-06-01,89,3.0,1,1,15.0,15.0,28.0,44.0,29.0,11,27.0,9.333333333333334,3.0,0.0,25.0,allocation_plus_excess_supported,14.666666666666666,3.0,0.0,41.0,allocation_plus_excess_supported,9.666666666666666,3.0,0.0,26.0,allocation_plus_excess_supported,9.0,3.0,0.0,24.0,allocation_plus_excess_supported
2026-06-01,107,7.1005108229254255,2,2,14.0,18.0,18.0,39.0,38.0,5,11.0,2.535028880159352,7.1005108229254255,0.0,10.899489177074575,allocation_plus_excess_supported,5.492562573678596,7.1005108229254255,0.0,31.899489177074575,allocation_plus_excess_supported,5.351727635891965,7.1005108229254255,0.0,30.899489177074575,allocation_plus_excess_supported,1.5491843156529372,7.1005108229254255,0.0,3.8994891770745745,allocation_plus_excess_supported
2026-06-01,221,17.038865020163946,3,3,14.0,16.0,66.0,89.0,85.0,20,49.0,3.8734974378806926,17.038865020163946,0.0,48.961134979836054,allocation_plus_excess_supported,5.223352605626994,17.038865020163946,0.0,71.96113497983606,allocation_plus_excess_supported,4.988595185149377,17.038865020163946,0.0,67.96113497983606,allocation_plus_excess_supported,2.875778400850817,17.038865020163946,0.0,31.961134979836054,allocation_plus_excess_supported
2026-06-01,222,10.483503455522346,1,1,14.0,14.0,27.0,54.0,73.0,11,26.0,2.57547489868736,10.483503455522346,0.0,16.516496544477654,allocation_plus_excess_supported,5.15094979737472,10.483503455522346,0.0,43.516496544477654,allocation_plus_excess_supported,6.9633210223769355,10.483503455522346,0.0,62.516496544477654,allocation_plus_excess_supported,2.480086939476717,10.483503455522346,0.0,15.516496544477654,allocation_plus_excess_supported
2026-06-01,257,25.615822073993737,3,3,15.0,18.0,25.0,32.0,28.0,10,19.0,0.9759593085783124,25.0,0.615822073993737,0.0,allocation_balanced_supported,1.2492279149802399,25.615822073993737,0.0,6.384177926006263,allocation_plus_excess_supported,1.0930744256077098,25.615822073993737,0.0,2.384177926006263,allocation_balanced_supported,0.7417290745195174,19.0,6.615822073993737,0.0,mixed_supported
2026-06-02,20,7.5,1,1,14.0,14.0,23.0,67.0,28.0,6,21.0,3.066666666666667,7.5,0.0,15.5,allocation_plus_excess_supported,8.933333333333334,7.5,0.0,59.5,allocation_plus_excess_supported,3.7333333333333334,7.5,0.0,20.5,allocation_plus_excess_supported,2.8,7.5,0.0,13.5,allocation_plus_excess_supported
2026-06-02,21,3.0,1,1,13.0,13.0,30.0,46.0,38.0,9,29.0,10.0,3.0,0.0,27.0,allocation_plus_excess_supported,15.333333333333334,3.0,0.0,43.0,allocation_plus_excess_supported,12.666666666666666,3.0,0.0,35.0,allocation_plus_excess_supported,9.666666666666666,3.0,0.0,26.0,allocation_plus_excess_supported
2026-06-02,22,24.43326392348537,3,3,9.0,16.0,17.0,22.0,17.0,3,15.0,0.6957727814522364,17.0,7.43326392348537,0.0,mixed_supported,0.9004118348205413,22.0,2.43326392348537,0.0,allocation_balanced_supported,0.6957727814522364,17.0,7.43326392348537,0.0,mixed_supported,0.6139171601049145,15.0,9.43326392348537,0.0,mixed_supported
2026-06-02,28,34.13416995914388,3,3,16.0,17.0,5.0,7.0,14.0,3,3.0,0.1464807846795348,5.0,29.134169959143883,0.0,mixed_supported,0.2050730985513487,7.0,27.134169959143883,0.0,mixed_supported,0.4101461971026974,14.0,20.134169959143883,0.0,mixed_supported,0.08788847080772087,3.0,31.134169959143883,0.0,volume_shortage_supported
2026-06-02,89,5.5,1,1,18.0,18.0,46.0,78.0,68.0,9,43.0,8.363636363636363,5.5,0.0,40.5,allocation_plus_excess_supported,14.181818181818182,5.5,0.0,72.5,allocation_plus_excess_supported,12.363636363636363,5.5,0.0,62.5,allocation_plus_excess_supported,7.818181818181818,5.5,0.0,37.5,allocation_plus_excess_supported
2026-06-02,107,7.0,2,2,13.0,17.0,59.0,105.0,64.0,11,54.0,8.428571428571429,7.0,0.0,52.0,allocation_plus_excess_supported,15.0,7.0,0.0,98.0,allocation_plus_excess_supported,9.142857142857142,7.0,0.0,57.0,allocation_plus_excess_supported,7.714285714285714,7.0,0.0,47.0,allocation_plus_excess_supported
2026-06-02,221,18.693733879565226,4,4,13.0,18.0,42.0,69.0,44.0,15,29.0,2.246742158125599,18.693733879565226,0.0,23.306266120434774,allocation_plus_excess_supported,3.6910764026349123,18.693733879565226,0.0,50.30626612043477,allocation_plus_excess_supported,2.3537298799411035,18.693733879565226,0.0,25.306266120434774,allocation_plus_excess_supported,1.5513219663248183,18.693733879565226,0.0,10.306266120434774,allocation_plus_excess_supported
2026-06-02,222,2.2186870030625565,1,1,16.0,16.0,23.0,37.0,23.0,10,18.0,10.366491518746013,2.2186870030625565,0.0,20.781312996937444,allocation_plus_excess_supported,16.676529834504453,2.2186870030625565,0.0,34.781312996937444,allocation_plus_excess_supported,10.366491518746013,2.2186870030625565,0.0,20.781312996937444,allocation_plus_excess_supported,8.11290640597514,2.2186870030625565,0.0,15.781312996937444,allocation_plus_excess_supported
2026-06-02,257,3.0,1,1,16.0,16.0,9.0,9.0,17.0,6,8.0,3.0,3.0,0.0,6.0,allocation_plus_excess_supported,3.0,3.0,0.0,6.0,allocation_plus_excess_supported,5.666666666666667,3.0,0.0,14.0,allocation_plus_excess_supported,2.6666666666666665,3.0,0.0,5.0,allocation_plus_excess_supported
2026-06-03,16,1.1013567438148444,1,1,17.0,17.0,19.0,64.0,26.0,5,13.0,17.25144927536232,1.1013567438148444,0.0,17.898643256185157,allocation_plus_excess_supported,58.11014492753623,1.1013567438148444,0.0,62.89864325618515,allocation_plus_excess_supported,23.607246376811595,1.1013567438148444,0.0,24.898643256185157,allocation_plus_excess_supported,11.803623188405798,1.1013567438148444,0.0,11.898643256185157,allocation_plus_excess_supported
2026-06-03,20,13.5,2,2,10.0,15.0,13.0,15.0,19.0,3,13.0,0.9629629629629629,13.0,0.5,0.0,allocation_balanced_supported,1.1111111111111112,13.5,0.0,1.5,allocation_plus_excess_supported,1.4074074074074074,13.5,0.0,5.5,allocation_plus_excess_supported,0.9629629629629629,13.0,0.5,0.0,allocation_balanced_supported
2026-06-03,21,7.923783204091734,2,2,13.0,18.0,6.0,10.0,22.0,2,6.0,0.7572140536229817,6.0,1.923783204091734,0.0,mixed_supported,1.2620234227049696,7.923783204091734,0.0,2.076216795908266,allocation_plus_excess_supported,2.7764515299509327,7.923783204091734,0.0,14.076216795908266,allocation_plus_excess_supported,0.7572140536229817,6.0,1.923783204091734,0.0,mixed_supported
2026-06-03,22,21.952968112809515,3,3,9.0,16.0,3.0,4.0,20.0,2,3.0,0.1366557808759129,3.0,18.952968112809515,0.0,mixed_supported,0.1822077078345505,4.0,17.952968112809515,0.0,mixed_supported,0.9110385391727526,20.0,1.9529681128095149,0.0,allocation_balanced_supported,0.1366557808759129,3.0,18.952968112809515,0.0,mixed_supported
2026-06-03,89,7.333333333333333,3,3,11.0,17.0,8.0,15.0,42.0,3,4.0,1.090909090909091,7.333333333333333,0.0,0.666666666666667,allocation_balanced_supported,2.0454545454545454,7.333333333333333,0.0,7.666666666666667,allocation_plus_excess_supported,5.7272727272727275,7.333333333333333,0.0,34.666666666666664,allocation_plus_excess_supported,0.5454545454545455,4.0,3.333333333333333,0.0,mixed_supported
2026-06-03,107,17.25,2,2,9.0,13.0,48.0,74.0,88.0,12,46.0,2.782608695652174,17.25,0.0,30.75,allocation_plus_excess_supported,4.2898550724637685,17.25,0.0,56.75,allocation_plus_excess_supported,5.101449275362318,17.25,0.0,70.75,allocation_plus_excess_supported,2.6666666666666665,17.25,0.0,28.75,allocation_plus_excess_supported
2026-06-03,221,6.4332122749050855,3,3,12.0,18.0,42.0,54.0,73.0,16,32.0,6.528620260804259,6.4332122749050855,0.0,35.56678772509491,allocation_plus_excess_supported,8.393940335319762,6.4332122749050855,0.0,47.56678772509491,allocation_plus_excess_supported,11.347363786635974,6.4332122749050855,0.0,66.56678772509491,allocation_plus_excess_supported,4.974186865374674,6.4332122749050855,0.0,25.566787725094915,allocation_plus_excess_supported
2026-06-03,222,13.191297062795405,3,3,14.0,15.0,34.0,49.0,50.0,10,26.0,2.5774569277113195,13.191297062795405,0.0,20.808702937204593,allocation_plus_excess_supported,3.714570278172196,13.191297062795405,0.0,35.80870293720459,allocation_plus_excess_supported,3.790377834869588,13.191297062795405,0.0,36.80870293720459,allocation_plus_excess_supported,1.9709964741321857,13.191297062795405,0.0,12.808702937204595,allocation_plus_excess_supported
2026-06-03,257,15.91151168239941,3,3,15.0,18.0,18.0,18.0,26.0,10,13.0,1.131256436175752,15.91151168239941,0.0,2.0884883176005893,allocation_plus_excess_supported,1.131256436175752,15.91151168239941,0.0,2.0884883176005893,allocation_plus_excess_supported,1.6340370744760861,15.91151168239941,0.0,10.08848831760059,allocation_plus_excess_supported,0.8170185372380431,13.0,2.9115116823994107,0.0,mixed_supported
2026-06-04,20,7.5,1,1,12.0,12.0,14.0,24.0,27.0,5,13.0,1.8666666666666667,7.5,0.0,6.5,allocation_plus_excess_supported,3.2,7.5,0.0,16.5,allocation_plus_excess_supported,3.6,7.5,0.0,19.5,allocation_plus_excess_supported,1.7333333333333334,7.5,0.0,5.5,allocation_plus_excess_supported
2026-06-04,21,9.549334299940712,1,1,12.0,12.0,79.0,82.0,115.0,11,79.0,8.27282798136939,9.549334299940712,0.0,69.45066570005929,allocation_plus_excess_supported,8.586986005978353,9.549334299940712,0.0,72.45066570005929,allocation_plus_excess_supported,12.04272427667696,9.549334299940712,0.0,105.45066570005929,allocation_plus_excess_supported,8.27282798136939,9.549334299940712,0.0,69.45066570005929,allocation_plus_excess_supported
2026-06-04,22,26.04328053513644,3,3,12.0,16.0,85.0,88.0,88.0,12,83.0,3.263797734134214,26.04328053513644,0.0,58.95671946486356,allocation_plus_excess_supported,3.3789905953389514,26.04328053513644,0.0,61.95671946486356,allocation_plus_excess_supported,3.3789905953389514,26.04328053513644,0.0,61.95671946486356,allocation_plus_excess_supported,3.1870024933310566,26.04328053513644,0.0,56.95671946486356,allocation_plus_excess_supported
2026-06-04,80,14.611298460292057,2,2,15.0,16.0,19.0,29.0,21.0,8,15.0,1.3003635543846266,14.611298460292057,0.0,4.388701539707943,allocation_plus_excess_supported,1.9847654251133773,14.611298460292057,0.0,14.388701539707943,allocation_plus_excess_supported,1.4372439285303766,14.611298460292057,0.0,6.388701539707943,allocation_plus_excess_supported,1.0266028060931263,14.611298460292057,0.0,0.3887015397079434,allocation_balanced_supported
2026-06-04,107,3.0,1,1,16.0,16.0,15.0,19.0,15.0,8,14.0,5.0,3.0,0.0,12.0,allocation_plus_excess_supported,6.333333333333333,3.0,0.0,16.0,allocation_plus_excess_supported,5.0,3.0,0.0,12.0,allocation_plus_excess_supported,4.666666666666667,3.0,0.0,11.0,allocation_plus_excess_supported
2026-06-04,221,9.143101276152562,3,3,6.0,18.0,72.0,75.0,74.0,13,51.0,7.87478972674114,9.143101276152562,0.0,62.856898723847436,allocation_plus_excess_supported,8.202905965355354,9.143101276152562,0.0,65.85689872384744,allocation_plus_excess_supported,8.093533885817283,9.143101276152562,0.0,64.85689872384744,allocation_plus_excess_supported,5.577976056441641,9.143101276152562,0.0,41.856898723847436,allocation_plus_excess_supported
2026-06-04,257,21.164480951973054,3,3,15.0,17.0,23.0,32.0,23.0,10,13.0,1.0867263908901026,21.164480951973054,0.0,1.8355190480269457,allocation_balanced_supported,1.5119671525427514,21.164480951973054,0.0,10.835519048026946,allocation_plus_excess_supported,1.0867263908901026,21.164480951973054,0.0,1.8355190480269457,allocation_balanced_supported,0.6142366557204928,13.0,8.164480951973054,0.0,mixed_supported
2026-06-05,16,28.250000000000004,2,2,14.0,15.0,16.0,60.0,16.0,8,16.0,0.5663716814159291,16.0,12.250000000000004,0.0,mixed_supported,2.1238938053097343,28.250000000000004,0.0,31.749999999999996,allocation_plus_excess_supported,0.5663716814159291,16.0,12.250000000000004,0.0,mixed_supported,0.5663716814159291,16.0,12.250000000000004,0.0,mixed_supported
2026-06-05,20,13.9375,3,3,12.0,17.0,10.0,45.0,27.0,5,5.0,0.7174887892376681,10.0,3.9375,0.0,mixed_supported,3.2286995515695067,13.9375,0.0,31.0625,allocation_plus_excess_supported,1.937219730941704,13.9375,0.0,13.0625,allocation_plus_excess_supported,0.35874439461883406,5.0,8.9375,0.0,mixed_supported
2026-06-05,21,5.594937513721657,1,1,17.0,17.0,0.0,2.0,3.0,0,0.0,0.0,0.0,5.594937513721657,0.0,volume_shortage_supported,0.35746601192506156,2.0,3.594937513721657,0.0,mixed_supported,0.5361990178875923,3.0,2.594937513721657,0.0,mixed_supported,0.0,0.0,5.594937513721657,0.0,volume_shortage_supported
2026-06-05,22,15.651361990237536,2,2,15.0,17.0,10.0,14.0,14.0,1,10.0,0.6389220315929983,10.0,5.651361990237536,0.0,mixed_supported,0.8944908442301976,14.0,1.651361990237536,0.0,mixed_supported,0.8944908442301976,14.0,1.651361990237536,0.0,mixed_supported,0.6389220315929983,10.0,5.651361990237536,0.0,mixed_supported
2026-06-05,28,13.483876811594204,3,3,12.0,17.0,0.0,8.0,0.0,0,0.0,0.0,0.0,13.483876811594204,0.0,volume_shortage_supported,0.593301178272494,8.0,5.483876811594204,0.0,mixed_supported,0.0,0.0,13.483876811594204,0.0,volume_shortage_supported,0.0,0.0,13.483876811594204,0.0,volume_shortage_supported
2026-06-05,80,9.184592943165667,2,2,15.0,17.0,22.0,64.0,51.0,6,18.0,2.3953157353990724,9.184592943165667,0.0,12.815407056834333,allocation_plus_excess_supported,6.968191230251847,9.184592943165667,0.0,54.81540705683433,allocation_plus_excess_supported,5.552777386606941,9.184592943165667,0.0,41.81540705683433,allocation_plus_excess_supported,1.959803783508332,9.184592943165667,0.0,8.815407056834333,allocation_plus_excess_supported
2026-06-05,89,2.6666666666666665,1,1,15.0,15.0,39.0,52.0,50.0,6,36.0,14.625,2.6666666666666665,0.0,36.333333333333336,allocation_plus_excess_supported,19.5,2.6666666666666665,0.0,49.333333333333336,allocation_plus_excess_supported,18.75,2.6666666666666665,0.0,47.333333333333336,allocation_plus_excess_supported,13.5,2.6666666666666665,0.0,33.333333333333336,allocation_plus_excess_supported
2026-06-05,107,11.254473535787652,3,3,14.0,18.0,19.0,36.0,41.0,7,17.0,1.6882175731794702,11.254473535787652,0.0,7.7455264642123485,allocation_plus_excess_supported,3.19872803339268,11.254473535787652,0.0,24.745526464212347,allocation_plus_excess_supported,3.64299581580833,11.254473535787652,0.0,29.745526464212347,allocation_plus_excess_supported,1.5105104602132102,11.254473535787652,0.0,5.7455264642123485,allocation_plus_excess_supported
2026-06-05,221,23.250000000000004,3,3,13.0,14.0,23.0,24.0,36.0,14,22.0,0.9892473118279569,23.0,0.25000000000000355,0.0,allocation_balanced_supported,1.0322580645161288,23.250000000000004,0.0,0.7499999999999964,allocation_balanced_supported,1.5483870967741933,23.250000000000004,0.0,12.749999999999996,allocation_plus_excess_supported,0.9462365591397848,22.0,1.2500000000000036,0.0,allocation_balanced_supported
2026-06-05,222,5.620977711201192,3,3,12.0,14.0,15.0,23.0,28.0,4,15.0,2.6685748940275604,5.620977711201192,0.0,9.379022288798808,allocation_plus_excess_supported,4.091814837508926,5.620977711201192,0.0,17.379022288798808,allocation_plus_excess_supported,4.981339802184779,5.620977711201192,0.0,22.379022288798808,allocation_plus_excess_supported,2.6685748940275604,5.620977711201192,0.0,9.379022288798808,allocation_plus_excess_supported
2026-06-05,257,8.428571428571429,2,2,14.0,15.0,13.0,13.0,13.0,8,12.0,1.542372881355932,8.428571428571429,0.0,4.571428571428571,allocation_plus_excess_supported,1.542372881355932,8.428571428571429,0.0,4.571428571428571,allocation_plus_excess_supported,1.542372881355932,8.428571428571429,0.0,4.571428571428571,allocation_plus_excess_supported,1.423728813559322,8.428571428571429,0.0,3.571428571428571,allocation_plus_excess_supported
2026-06-06,16,30.5,4,4,15.0,18.0,34.0,56.0,47.0,9,26.0,1.1147540983606556,30.5,0.0,3.5,allocation_plus_excess_supported,1.8360655737704918,30.5,0.0,25.5,allocation_plus_excess_supported,1.540983606557377,30.5,0.0,16.5,allocation_plus_excess_supported,0.8524590163934426,26.0,4.5,0.0,mixed_supported
2026-06-06,21,19.777133525626134,3,3,16.0,18.0,55.0,101.0,79.0,14,42.0,2.780989465876538,19.777133525626134,0.0,35.222866474373866,allocation_plus_excess_supported,5.106907928246007,19.777133525626134,0.0,81.22286647437386,allocation_plus_excess_supported,3.9945121418953913,19.777133525626134,0.0,59.222866474373866,allocation_plus_excess_supported,2.123664683032993,19.777133525626134,0.0,22.222866474373866,allocation_plus_excess_supported
2026-06-06,22,8.16713258726196,2,2,12.0,17.0,73.0,74.0,92.0,12,73.0,8.938265568732897,8.16713258726196,0.0,64.83286741273804,allocation_plus_excess_supported,9.060707562825128,8.16713258726196,0.0,65.83286741273804,allocation_plus_excess_supported,11.264663456485295,8.16713258726196,0.0,83.83286741273804,allocation_plus_excess_supported,8.938265568732897,8.16713258726196,0.0,64.83286741273804,allocation_plus_excess_supported
2026-06-06,28,3.869726247987117,1,1,17.0,17.0,26.0,43.0,37.0,9,19.0,6.718821522200492,3.869726247987117,0.0,22.130273752012883,allocation_plus_excess_supported,11.111897132870045,3.869726247987117,0.0,39.13027375201288,allocation_plus_excess_supported,9.561399858516085,3.869726247987117,0.0,33.13027375201288,allocation_plus_excess_supported,4.9099080354542055,3.869726247987117,0.0,15.130273752012883,allocation_plus_excess_supported
2026-06-06,80,4.5,1,1,16.0,16.0,25.0,71.0,35.0,10,21.0,5.555555555555555,4.5,0.0,20.5,allocation_plus_excess_supported,15.777777777777779,4.5,0.0,66.5,allocation_plus_excess_supported,7.777777777777778,4.5,0.0,30.5,allocation_plus_excess_supported,4.666666666666667,4.5,0.0,16.5,allocation_plus_excess_supported
2026-06-06,89,7.5,1,1,15.0,15.0,71.0,78.0,117.0,14,69.0,9.466666666666667,7.5,0.0,63.5,allocation_plus_excess_supported,10.4,7.5,0.0,70.5,allocation_plus_excess_supported,15.6,7.5,0.0,109.5,allocation_plus_excess_supported,9.2,7.5,0.0,61.5,allocation_plus_excess_supported
2026-06-06,107,14.5,2,2,14.0,18.0,35.0,40.0,82.0,11,21.0,2.413793103448276,14.5,0.0,20.5,allocation_plus_excess_supported,2.7586206896551726,14.5,0.0,25.5,allocation_plus_excess_supported,5.655172413793103,14.5,0.0,67.5,allocation_plus_excess_supported,1.4482758620689655,14.5,0.0,6.5,allocation_plus_excess_supported
2026-06-06,221,12.1,4,4,13.0,17.0,52.0,52.0,64.0,14,33.0,4.297520661157025,12.1,0.0,39.9,allocation_plus_excess_supported,4.297520661157025,12.1,0.0,39.9,allocation_plus_excess_supported,5.289256198347108,12.1,0.0,51.9,allocation_plus_excess_supported,2.7272727272727275,12.1,0.0,20.9,allocation_plus_excess_supported
2026-06-06,222,8.39198518269069,2,2,10.0,15.0,90.0,120.0,125.0,19,66.0,10.72451845906902,8.39198518269069,0.0,81.60801481730931,allocation_plus_excess_supported,14.29935794542536,8.39198518269069,0.0,111.60801481730931,allocation_plus_excess_supported,14.89516452648475,8.39198518269069,0.0,116.60801481730931,allocation_plus_excess_supported,7.8646468699839485,8.39198518269069,0.0,57.60801481730931,allocation_plus_excess_supported
2026-06-06,257,19.89935253967108,4,4,14.0,17.0,55.0,59.0,66.0,19,52.0,2.763909021178088,19.89935253967108,0.0,35.100647460328915,allocation_plus_excess_supported,2.964920586354676,19.89935253967108,0.0,39.100647460328915,allocation_plus_excess_supported,3.3166908254137057,19.89935253967108,0.0,46.100647460328915,allocation_plus_excess_supported,2.613150347295647,19.89935253967108,0.0,32.100647460328915,allocation_plus_excess_supported
2026-06-07,16,13.436512155361825,4,4,14.0,18.0,19.0,28.0,57.0,6,17.0,1.4140574414185358,13.436512155361825,0.0,5.563487844638175,allocation_plus_excess_supported,2.083874124195737,13.436512155361825,0.0,14.563487844638175,allocation_plus_excess_supported,4.242172324255608,13.436512155361825,0.0,43.563487844638175,allocation_plus_excess_supported,1.265209289690269,13.436512155361825,0.0,3.563487844638175,allocation_plus_excess_supported
2026-06-07,21,1.553191489361702,1,1,16.0,16.0,10.0,16.0,42.0,4,8.0,6.438356164383562,1.553191489361702,0.0,8.446808510638299,allocation_plus_excess_supported,10.301369863013699,1.553191489361702,0.0,14.446808510638299,allocation_plus_excess_supported,27.04109589041096,1.553191489361702,0.0,40.4468085106383,allocation_plus_excess_supported,5.1506849315068495,1.553191489361702,0.0,6.446808510638298,allocation_plus_excess_supported
2026-06-07,22,2.330519808676849,1,1,11.0,11.0,11.0,17.0,21.0,2,11.0,4.719977045054701,2.330519808676849,0.0,8.669480191323151,allocation_plus_excess_supported,7.294509978720901,2.330519808676849,0.0,14.669480191323151,allocation_plus_excess_supported,9.010865267831702,2.330519808676849,0.0,18.669480191323153,allocation_plus_excess_supported,4.719977045054701,2.330519808676849,0.0,8.669480191323151,allocation_plus_excess_supported
2026-06-07,28,11.779166666666669,1,1,15.0,15.0,9.0,44.0,11.0,4,4.0,0.7640608418818534,9.0,2.7791666666666686,0.0,mixed_supported,3.7354085603112837,11.779166666666669,0.0,32.22083333333333,allocation_plus_excess_supported,0.9338521400778209,11.0,0.7791666666666686,0.0,allocation_balanced_supported,0.33958259639193483,4.0,7.779166666666669,0.0,mixed_supported
2026-06-07,80,6.0,1,1,16.0,16.0,61.0,72.0,68.0,12,45.0,10.166666666666666,6.0,0.0,55.0,allocation_plus_excess_supported,12.0,6.0,0.0,66.0,allocation_plus_excess_supported,11.333333333333334,6.0,0.0,62.0,allocation_plus_excess_supported,7.5,6.0,0.0,39.0,allocation_plus_excess_supported
2026-06-07,107,22.5,2,2,11.0,15.0,14.0,28.0,25.0,6,13.0,0.6222222222222222,14.0,8.5,0.0,mixed_supported,1.2444444444444445,22.5,0.0,5.5,allocation_plus_excess_supported,1.1111111111111112,22.5,0.0,2.5,allocation_plus_excess_supported,0.5777777777777777,13.0,9.5,0.0,mixed_supported
2026-06-07,221,26.425391431404414,3,3,10.0,18.0,47.0,47.0,72.0,16,25.0,1.7785923861148316,26.425391431404414,0.0,20.574608568595586,allocation_plus_excess_supported,1.7785923861148316,26.425391431404414,0.0,20.574608568595586,allocation_plus_excess_supported,2.724652165963146,26.425391431404414,0.0,45.574608568595586,allocation_plus_excess_supported,0.9460597798483147,25.0,1.4253914314044138,0.0,allocation_balanced_supported
2026-06-07,222,3.75,1,1,13.0,13.0,9.0,35.0,9.0,4,6.0,2.4,3.75,0.0,5.25,allocation_plus_excess_supported,9.333333333333334,3.75,0.0,31.25,allocation_plus_excess_supported,2.4,3.75,0.0,5.25,allocation_plus_excess_supported,1.6,3.75,0.0,2.25,allocation_plus_excess_supported
2026-06-07,257,28.916666666666664,5,5,16.0,18.0,21.0,21.0,22.0,8,16.0,0.7262247838616716,21.0,7.916666666666664,0.0,mixed_supported,0.7262247838616716,21.0,7.916666666666664,0.0,mixed_supported,0.760806916426513,22.0,6.916666666666664,0.0,mixed_supported,0.553314121037464,16.0,12.916666666666664,0.0,mixed_supported
2026-06-08,20,0.0,1,1,13.0,13.0,9.0,38.0,10.0,4,7.0,,0.0,0.0,9.0,no_reconstructed_deficit,,0.0,0.0,38.0,no_reconstructed_deficit,,0.0,0.0,10.0,no_reconstructed_deficit,,0.0,0.0,7.0,no_reconstructed_deficit
2026-06-08,21,24.5,2,2,14.0,16.0,65.0,99.0,88.0,10,62.0,2.6530612244897958,24.5,0.0,40.5,allocation_plus_excess_supported,4.040816326530612,24.5,0.0,74.5,allocation_plus_excess_supported,3.5918367346938775,24.5,0.0,63.5,allocation_plus_excess_supported,2.5306122448979593,24.5,0.0,37.5,allocation_plus_excess_supported
2026-06-08,22,15.857142857142858,2,2,13.0,14.0,42.0,93.0,47.0,15,30.0,2.6486486486486487,15.857142857142858,0.0,26.142857142857142,allocation_plus_excess_supported,5.864864864864865,15.857142857142858,0.0,77.14285714285714,allocation_plus_excess_supported,2.963963963963964,15.857142857142858,0.0,31.142857142857142,allocation_plus_excess_supported,1.8918918918918919,15.857142857142858,0.0,14.142857142857142,allocation_plus_excess_supported
2026-06-08,28,5.552574633456986,1,1,18.0,18.0,6.0,8.0,31.0,4,4.0,1.0805798023581812,5.552574633456986,0.0,0.4474253665430137,allocation_balanced_supported,1.440773069810908,5.552574633456986,0.0,2.4474253665430137,allocation_plus_excess_supported,5.5829956455172685,5.552574633456986,0.0,25.447425366543015,allocation_plus_excess_supported,0.720386534905454,4.0,1.5525746334569863,0.0,mixed_supported
2026-06-08,80,8.769894121365361,1,1,18.0,18.0,23.0,56.0,23.0,5,8.0,2.6226086292156046,8.769894121365361,0.0,14.230105878634639,allocation_plus_excess_supported,6.385481879829299,8.769894121365361,0.0,47.23010587863464,allocation_plus_excess_supported,2.6226086292156046,8.769894121365361,0.0,14.230105878634639,allocation_plus_excess_supported,0.9122116971184712,8.0,0.7698941213653612,0.0,allocation_balanced_supported
2026-06-08,89,6.8,1,1,17.0,17.0,59.0,70.0,59.0,10,57.0,8.676470588235293,6.8,0.0,52.2,allocation_plus_excess_supported,10.294117647058824,6.8,0.0,63.2,allocation_plus_excess_supported,8.676470588235293,6.8,0.0,52.2,allocation_plus_excess_supported,8.382352941176471,6.8,0.0,50.2,allocation_plus_excess_supported
2026-06-08,107,19.44260342585068,3,3,17.0,18.0,28.0,30.0,32.0,14,20.0,1.4401363534870795,19.44260342585068,0.0,8.557396574149319,allocation_plus_excess_supported,1.5430032358790138,19.44260342585068,0.0,10.557396574149319,allocation_plus_excess_supported,1.645870118270948,19.44260342585068,0.0,12.557396574149319,allocation_plus_excess_supported,1.0286688239193424,19.44260342585068,0.0,0.557396574149319,allocation_balanced_supported
2026-06-08,221,35.20459646612318,6,6,11.0,17.0,48.0,52.0,59.0,14,36.0,1.3634583213072655,35.20459646612318,0.0,12.795403533876822,allocation_plus_excess_supported,1.477079848082871,35.20459646612318,0.0,16.795403533876822,allocation_plus_excess_supported,1.6759175199401806,35.20459646612318,0.0,23.795403533876822,allocation_plus_excess_supported,1.022593740980449,35.20459646612318,0.0,0.7954035338768222,allocation_balanced_supported
2026-06-08,222,7.499999999999998,1,1,12.0,12.0,24.0,42.0,24.0,6,24.0,3.2000000000000006,7.499999999999998,0.0,16.5,allocation_plus_excess_supported,5.600000000000001,7.499999999999998,0.0,34.5,allocation_plus_excess_supported,3.2000000000000006,7.499999999999998,0.0,16.5,allocation_plus_excess_supported,3.2000000000000006,7.499999999999998,0.0,16.5,allocation_plus_excess_supported
2026-06-08,257,21.930121589141805,4,4,13.0,18.0,21.0,21.0,28.0,12,15.0,0.9575870299961158,21.0,0.9301215891418053,0.0,allocation_balanced_supported,0.9575870299961158,21.0,0.9301215891418053,0.0,allocation_balanced_supported,1.2767827066614876,21.930121589141805,0.0,6.069878410858195,allocation_plus_excess_supported,0.6839907357115113,15.0,6.930121589141805,0.0,mixed_supported
2026-06-09,16,4.499999999999999,1,1,15.0,15.0,7.0,59.0,10.0,2,7.0,1.5555555555555558,4.499999999999999,0.0,2.500000000000001,allocation_plus_excess_supported,13.111111111111114,4.499999999999999,0.0,54.5,allocation_plus_excess_supported,2.2222222222222228,4.499999999999999,0.0,5.500000000000001,allocation_plus_excess_supported,1.5555555555555558,4.499999999999999,0.0,2.500000000000001,allocation_plus_excess_supported
2026-06-09,20,22.5,2,2,14.0,14.0,4.0,4.0,14.0,2,3.0,0.17777777777777778,4.0,18.5,0.0,mixed_supported,0.17777777777777778,4.0,18.5,0.0,mixed_supported,0.6222222222222222,14.0,8.5,0.0,mixed_supported,0.13333333333333333,3.0,19.5,0.0,mixed_supported
2026-06-09,21,9.0,2,2,11.0,12.0,5.0,5.0,27.0,4,5.0,0.5555555555555556,5.0,4.0,0.0,mixed_supported,0.5555555555555556,5.0,4.0,0.0,mixed_supported,3.0,9.0,0.0,18.0,allocation_plus_excess_supported,0.5555555555555556,5.0,4.0,0.0,mixed_supported
2026-06-09,22,8.445287968083026,1,1,18.0,18.0,2.0,49.0,2.0,2,0.0,0.23681844924158044,2.0,6.445287968083026,0.0,mixed_supported,5.80205200641872,8.445287968083026,0.0,40.55471203191698,allocation_plus_excess_supported,0.23681844924158044,2.0,6.445287968083026,0.0,mixed_supported,0.0,0.0,8.445287968083026,0.0,volume_shortage_supported
2026-06-09,28,19.708407240665487,2,2,16.0,18.0,37.0,76.0,44.0,9,34.0,1.8773713952721547,19.708407240665487,0.0,17.291592759334513,allocation_plus_excess_supported,3.856222325423885,19.708407240665487,0.0,56.29159275933451,allocation_plus_excess_supported,2.2325497673506702,19.708407240665487,0.0,24.291592759334513,allocation_plus_excess_supported,1.7251520929527908,19.708407240665487,0.0,14.291592759334513,allocation_plus_excess_supported
2026-06-09,80,8.666286308780691,1,1,15.0,15.0,24.0,89.0,37.0,5,24.0,2.769352309037283,8.666286308780691,0.0,15.333713691219309,allocation_plus_excess_supported,10.269681479346591,8.666286308780691,0.0,80.33371369121932,allocation_plus_excess_supported,4.269418143099145,8.666286308780691,0.0,28.33371369121931,allocation_plus_excess_supported,2.769352309037283,8.666286308780691,0.0,15.333713691219309,allocation_plus_excess_supported
2026-06-09,89,19.5,5,5,11.0,14.0,37.0,60.0,59.0,10,37.0,1.8974358974358974,19.5,0.0,17.5,allocation_plus_excess_supported,3.076923076923077,19.5,0.0,40.5,allocation_plus_excess_supported,3.0256410256410255,19.5,0.0,39.5,allocation_plus_excess_supported,1.8974358974358974,19.5,0.0,17.5,allocation_plus_excess_supported
2026-06-09,107,8.25,2,2,9.0,16.0,7.0,26.0,57.0,6,7.0,0.8484848484848485,7.0,1.25,0.0,mixed_supported,3.1515151515151514,8.25,0.0,17.75,allocation_plus_excess_supported,6.909090909090909,8.25,0.0,48.75,allocation_plus_excess_supported,0.8484848484848485,7.0,1.25,0.0,mixed_supported
2026-06-09,221,9.75,3,3,14.0,16.0,77.0,88.0,77.0,21,40.0,7.897435897435898,9.75,0.0,67.25,allocation_plus_excess_supported,9.025641025641026,9.75,0.0,78.25,allocation_plus_excess_supported,7.897435897435898,9.75,0.0,67.25,allocation_plus_excess_supported,4.102564102564102,9.75,0.0,30.25,allocation_plus_excess_supported
2026-06-09,222,17.59613781264586,4,4,11.0,16.0,20.0,39.0,27.0,4,19.0,1.1366130575328042,17.59613781264586,0.0,2.4038621873541395,allocation_plus_excess_supported,2.216395462188968,17.59613781264586,0.0,21.40386218735414,allocation_plus_excess_supported,1.5344276276692856,17.59613781264586,0.0,9.40386218735414,allocation_plus_excess_supported,1.079782404656164,17.59613781264586,0.0,1.4038621873541395,allocation_balanced_supported
2026-06-09,257,12.192123485280334,2,2,15.0,18.0,23.0,26.0,26.0,8,16.0,1.8864638327989474,12.192123485280334,0.0,10.807876514719666,allocation_plus_excess_supported,2.132524332729245,12.192123485280334,0.0,13.807876514719666,allocation_plus_excess_supported,2.132524332729245,12.192123485280334,0.0,13.807876514719666,allocation_plus_excess_supported,1.31232266629492,12.192123485280334,0.0,3.8078765147196663,allocation_plus_excess_supported
2026-06-10,20,7.5,1,1,12.0,12.0,44.0,45.0,68.0,11,41.0,5.866666666666666,7.5,0.0,36.5,allocation_plus_excess_supported,6.0,7.5,0.0,37.5,allocation_plus_excess_supported,9.066666666666666,7.5,0.0,60.5,allocation_plus_excess_supported,5.466666666666667,7.5,0.0,33.5,allocation_plus_excess_supported
2026-06-10,21,11.93279256984871,2,2,12.0,17.0,47.0,60.0,52.0,4,47.0,3.9387259708810887,11.93279256984871,0.0,35.06720743015129,allocation_plus_excess_supported,5.028160813890752,11.93279256984871,0.0,48.06720743015129,allocation_plus_excess_supported,4.357739372038651,11.93279256984871,0.0,40.06720743015129,allocation_plus_excess_supported,3.9387259708810887,11.93279256984871,0.0,35.06720743015129,allocation_plus_excess_supported
2026-06-10,22,48.482132571067126,3,3,16.0,16.0,13.0,17.0,28.0,3,13.0,0.26814002005675097,13.0,35.482132571067126,0.0,mixed_supported,0.3506446416126744,17.0,31.482132571067126,0.0,mixed_supported,0.5775323508914637,28.0,20.482132571067126,0.0,mixed_supported,0.26814002005675097,13.0,35.482132571067126,0.0,mixed_supported
2026-06-10,80,11.249999999999998,1,1,13.0,13.0,52.0,91.0,56.0,8,50.0,4.622222222222223,11.249999999999998,0.0,40.75,allocation_plus_excess_supported,8.08888888888889,11.249999999999998,0.0,79.75,allocation_plus_excess_supported,4.977777777777779,11.249999999999998,0.0,44.75,allocation_plus_excess_supported,4.4444444444444455,11.249999999999998,0.0,38.75,allocation_plus_excess_supported
2026-06-10,89,18.043931372136978,2,2,15.0,18.0,29.0,37.0,37.0,10,27.0,1.607188555637112,18.043931372136978,0.0,10.956068627863022,allocation_plus_excess_supported,2.0505509158128667,18.043931372136978,0.0,18.956068627863022,allocation_plus_excess_supported,2.0505509158128667,18.043931372136978,0.0,18.956068627863022,allocation_plus_excess_supported,1.496347965593173,18.043931372136978,0.0,8.956068627863022,allocation_plus_excess_supported
2026-06-10,107,37.936148653929145,5,5,15.0,18.0,26.0,63.0,28.0,10,21.0,0.6853621393458746,26.0,11.936148653929145,0.0,mixed_supported,1.6606851837996193,37.936148653929145,0.0,25.063851346070855,allocation_plus_excess_supported,0.7380823039109419,28.0,9.936148653929145,0.0,mixed_supported,0.5535617279332065,21.0,16.936148653929145,0.0,mixed_supported
2026-06-10,221,28.736402372640192,4,4,11.0,17.0,25.0,56.0,52.0,10,13.0,0.8699766823909173,25.0,3.7364023726401925,0.0,mixed_supported,1.948747768555655,28.736402372640192,0.0,27.263597627359808,allocation_plus_excess_supported,1.809551499373108,28.736402372640192,0.0,23.263597627359808,allocation_plus_excess_supported,0.452387874843277,13.0,15.736402372640192,0.0,mixed_supported
2026-06-10,222,7.5,1,1,10.0,10.0,46.0,49.0,55.0,11,46.0,6.133333333333334,7.5,0.0,38.5,allocation_plus_excess_supported,6.533333333333333,7.5,0.0,41.5,allocation_plus_excess_supported,7.333333333333333,7.5,0.0,47.5,allocation_plus_excess_supported,6.133333333333334,7.5,0.0,38.5,allocation_plus_excess_supported
2026-06-10,257,11.25,2,2,12.0,16.0,22.0,23.0,30.0,10,18.0,1.9555555555555555,11.25,0.0,10.75,allocation_plus_excess_supported,2.0444444444444443,11.25,0.0,11.75,allocation_plus_excess_supported,2.6666666666666665,11.25,0.0,18.75,allocation_plus_excess_supported,1.6,11.25,0.0,6.75,allocation_plus_excess_supported
2026-06-11,16,16.567970444149097,2,2,12.0,18.0,5.0,12.0,27.0,2,3.0,0.3017871148946748,5.0,11.567970444149097,0.0,mixed_supported,0.7242890757472196,12.0,4.567970444149097,0.0,mixed_supported,1.629650420431244,16.567970444149097,0.0,10.432029555850903,allocation_plus_excess_supported,0.1810722689368049,3.0,13.567970444149097,0.0,mixed_supported
2026-06-11,20,9.75,1,1,16.0,16.0,4.0,11.0,9.0,2,0.0,0.41025641025641024,4.0,5.75,0.0,mixed_supported,1.1282051282051282,9.75,0.0,1.25,allocation_plus_excess_supported,0.9230769230769231,9.0,0.75,0.0,allocation_balanced_supported,0.0,0.0,9.75,0.0,volume_shortage_supported
2026-06-11,21,26.293663277774176,2,2,14.0,17.0,22.0,33.0,29.0,8,19.0,0.8367034964883127,22.0,4.293663277774176,0.0,mixed_supported,1.255055244732469,26.293663277774176,0.0,6.706336722225824,allocation_plus_excess_supported,1.1029273362800485,26.293663277774176,0.0,2.7063367222258243,allocation_plus_excess_supported,0.7226075651489973,19.0,7.293663277774176,0.0,mixed_supported
2026-06-11,22,33.27067319730864,4,4,13.0,18.0,7.0,7.0,9.0,2,7.0,0.21039550232383786,7.0,26.27067319730864,0.0,mixed_supported,0.21039550232383786,7.0,26.27067319730864,0.0,mixed_supported,0.27050850298779155,9.0,24.27067319730864,0.0,mixed_supported,0.21039550232383786,7.0,26.27067319730864,0.0,mixed_supported
2026-06-11,28,3.477160747748983,1,1,17.0,17.0,35.0,35.0,35.0,11,35.0,10.065683624968452,3.477160747748983,0.0,31.522839252251018,allocation_plus_excess_supported,10.065683624968452,3.477160747748983,0.0,31.522839252251018,allocation_plus_excess_supported,10.065683624968452,3.477160747748983,0.0,31.522839252251018,allocation_plus_excess_supported,10.065683624968452,3.477160747748983,0.0,31.522839252251018,allocation_plus_excess_supported
2026-06-11,80,9.273553349489825,2,2,13.0,16.0,7.0,18.0,11.0,1,0.0,0.754834715043193,7.0,2.2735533494898252,0.0,mixed_supported,1.9410035529682106,9.273553349489825,0.0,8.726446650510175,allocation_plus_excess_supported,1.1861688379250175,9.273553349489825,0.0,1.7264466505101748,allocation_plus_excess_supported,0.0,0.0,9.273553349489825,0.0,volume_shortage_supported
2026-06-11,89,20.0,1,1,16.0,16.0,5.0,25.0,31.0,3,4.0,0.25,5.0,15.0,0.0,mixed_supported,1.25,20.0,0.0,5.0,allocation_plus_excess_supported,1.55,20.0,0.0,11.0,allocation_plus_excess_supported,0.2,4.0,16.0,0.0,mixed_supported
2026-06-11,107,14.690455935919305,2,2,16.0,16.0,5.0,22.0,32.0,5,4.0,0.34035703328816447,5.0,9.690455935919305,0.0,mixed_supported,1.4975709464679237,14.690455935919305,0.0,7.309544064080695,allocation_plus_excess_supported,2.1782850130442526,14.690455935919305,0.0,17.309544064080697,allocation_plus_excess_supported,0.2722856266305316,4.0,10.690455935919305,0.0,mixed_supported
2026-06-11,221,18.042814007650257,4,4,10.0,18.0,24.0,47.0,36.0,10,16.0,1.3301694508308881,18.042814007650257,0.0,5.957185992349743,allocation_plus_excess_supported,2.6049151745438226,18.042814007650257,0.0,28.957185992349743,allocation_plus_excess_supported,1.9952541762463323,18.042814007650257,0.0,17.957185992349743,allocation_plus_excess_supported,0.8867796338872588,16.0,2.0428140076502572,0.0,mixed_supported
2026-06-11,257,9.0,3,3,8.0,15.0,55.0,59.0,64.0,15,51.0,6.111111111111111,9.0,0.0,46.0,allocation_plus_excess_supported,6.555555555555555,9.0,0.0,50.0,allocation_plus_excess_supported,7.111111111111111,9.0,0.0,55.0,allocation_plus_excess_supported,5.666666666666667,9.0,0.0,42.0,allocation_plus_excess_supported
2026-06-12,16,21.916666666666668,2,2,14.0,18.0,34.0,40.0,34.0,8,26.0,1.5513307984790874,21.916666666666668,0.0,12.083333333333332,allocation_plus_excess_supported,1.8250950570342204,21.916666666666668,0.0,18.083333333333332,allocation_plus_excess_supported,1.5513307984790874,21.916666666666668,0.0,12.083333333333332,allocation_plus_excess_supported,1.1863117870722433,21.916666666666668,0.0,4.083333333333332,allocation_plus_excess_supported
2026-06-12,20,10.5,2,2,11.0,16.0,26.0,30.0,42.0,7,13.0,2.4761904761904763,10.5,0.0,15.5,allocation_plus_excess_supported,2.857142857142857,10.5,0.0,19.5,allocation_plus_excess_supported,4.0,10.5,0.0,31.5,allocation_plus_excess_supported,1.2380952380952381,10.5,0.0,2.5,allocation_plus_excess_supported
2026-06-12,21,9.452277777777775,1,1,17.0,17.0,38.0,48.0,46.0,7,36.0,4.020195014723083,9.452277777777775,0.0,28.547722222222227,allocation_plus_excess_supported,5.078141071229158,9.452277777777775,0.0,38.54772222222223,allocation_plus_excess_supported,4.866551859927943,9.452277777777775,0.0,36.54772222222223,allocation_plus_excess_supported,3.8086058034218686,9.452277777777775,0.0,26.547722222222227,allocation_plus_excess_supported
2026-06-12,22,24.499999999999996,3,3,14.0,16.0,49.0,49.0,66.0,10,43.0,2.0000000000000004,24.499999999999996,0.0,24.500000000000004,allocation_plus_excess_supported,2.0000000000000004,24.499999999999996,0.0,24.500000000000004,allocation_plus_excess_supported,2.6938775510204085,24.499999999999996,0.0,41.5,allocation_plus_excess_supported,1.7551020408163267,24.499999999999996,0.0,18.500000000000004,allocation_plus_excess_supported
2026-06-12,89,6.0,1,1,18.0,18.0,47.0,77.0,68.0,13,33.0,7.833333333333333,6.0,0.0,41.0,allocation_plus_excess_supported,12.833333333333334,6.0,0.0,71.0,allocation_plus_excess_supported,11.333333333333334,6.0,0.0,62.0,allocation_plus_excess_supported,5.5,6.0,0.0,27.0,allocation_plus_excess_supported
2026-06-12,107,7.666666666666667,1,1,16.0,16.0,40.0,56.0,52.0,16,39.0,5.217391304347826,7.666666666666667,0.0,32.333333333333336,allocation_plus_excess_supported,7.304347826086956,7.666666666666667,0.0,48.333333333333336,allocation_plus_excess_supported,6.782608695652174,7.666666666666667,0.0,44.333333333333336,allocation_plus_excess_supported,5.08695652173913,7.666666666666667,0.0,31.333333333333332,allocation_plus_excess_supported
2026-06-12,221,33.19380658327054,5,5,10.0,17.0,56.0,67.0,56.0,17,31.0,1.687061707114472,33.19380658327054,0.0,22.806193416729457,allocation_plus_excess_supported,2.0184488281548147,33.19380658327054,0.0,33.80619341672946,allocation_plus_excess_supported,1.687061707114472,33.19380658327054,0.0,22.806193416729457,allocation_plus_excess_supported,0.9339091592955112,31.0,2.1938065832705433,0.0,allocation_balanced_supported
2026-06-12,222,33.83333333333333,6,6,9.0,15.0,21.0,23.0,37.0,9,17.0,0.6206896551724139,21.0,12.833333333333329,0.0,mixed_supported,0.6798029556650247,23.0,10.833333333333329,0.0,mixed_supported,1.0935960591133007,33.83333333333333,0.0,3.1666666666666714,allocation_balanced_supported,0.5024630541871922,17.0,16.83333333333333,0.0,mixed_supported
2026-06-12,257,3.000000000000001,1,1,14.0,14.0,35.0,47.0,36.0,15,31.0,11.666666666666663,3.000000000000001,0.0,32.0,allocation_plus_excess_supported,15.666666666666663,3.000000000000001,0.0,44.0,allocation_plus_excess_supported,11.999999999999996,3.000000000000001,0.0,33.0,allocation_plus_excess_supported,10.33333333333333,3.000000000000001,0.0,28.0,allocation_plus_excess_supported
2026-06-13,16,4.282026636023683,1,1,18.0,18.0,33.0,51.0,46.0,9,30.0,7.706631183089512,4.282026636023683,0.0,28.717973363976316,allocation_plus_excess_supported,11.910248192047428,4.282026636023683,0.0,46.71797336397632,allocation_plus_excess_supported,10.74257680067023,4.282026636023683,0.0,41.71797336397632,allocation_plus_excess_supported,7.006028348263193,4.282026636023683,0.0,25.717973363976316,allocation_plus_excess_supported
2026-06-13,21,40.75,7,7,11.0,18.0,14.0,17.0,25.0,2,13.0,0.34355828220858897,14.0,26.75,0.0,mixed_supported,0.4171779141104294,17.0,23.75,0.0,mixed_supported,0.6134969325153374,25.0,15.75,0.0,mixed_supported,0.31901840490797545,13.0,27.75,0.0,mixed_supported
2026-06-13,22,25.93522917062564,5,5,12.0,16.0,14.0,30.0,26.0,6,13.0,0.5398062962118131,14.0,11.93522917062564,0.0,mixed_supported,1.1567277775967424,25.93522917062564,0.0,4.0647708293743605,allocation_plus_excess_supported,1.00249740725051,25.93522917062564,0.0,0.06477082937436052,allocation_balanced_supported,0.501248703625255,13.0,12.93522917062564,0.0,mixed_supported
2026-06-13,80,4.085497280497281,1,1,15.0,15.0,33.0,58.0,34.0,6,22.0,8.077352090657442,4.085497280497281,0.0,28.91450271950272,allocation_plus_excess_supported,14.19655821994338,4.085497280497281,0.0,53.91450271950272,allocation_plus_excess_supported,8.32212033582888,4.085497280497281,0.0,29.91450271950272,allocation_plus_excess_supported,5.384901393771627,4.085497280497281,0.0,17.91450271950272,allocation_plus_excess_supported
2026-06-13,89,17.333333333333332,3,3,11.0,16.0,25.0,78.0,30.0,9,25.0,1.4423076923076925,17.333333333333332,0.0,7.666666666666668,allocation_plus_excess_supported,4.5,17.333333333333332,0.0,60.66666666666667,allocation_plus_excess_supported,1.7307692307692308,17.333333333333332,0.0,12.666666666666668,allocation_plus_excess_supported,1.4423076923076925,17.333333333333332,0.0,7.666666666666668,allocation_plus_excess_supported
2026-06-13,107,10.5,3,3,9.0,14.0,33.0,88.0,51.0,7,27.0,3.142857142857143,10.5,0.0,22.5,allocation_plus_excess_supported,8.380952380952381,10.5,0.0,77.5,allocation_plus_excess_supported,4.857142857142857,10.5,0.0,40.5,allocation_plus_excess_supported,2.5714285714285716,10.5,0.0,16.5,allocation_plus_excess_supported
2026-06-13,221,30.19677047073918,5,5,10.0,16.0,44.0,50.0,62.0,17,33.0,1.4571094628359749,30.19677047073918,0.0,13.803229529260818,allocation_plus_excess_supported,1.6558062077681535,30.19677047073918,0.0,19.80322952926082,allocation_plus_excess_supported,2.05319969763251,30.19677047073918,0.0,31.80322952926082,allocation_plus_excess_supported,1.0928320971269812,30.19677047073918,0.0,2.8032295292608183,allocation_balanced_supported
2026-06-13,222,21.58446855433725,5,5,10.0,15.0,29.0,52.0,51.0,9,21.0,1.3435586763229643,21.58446855433725,0.0,7.415531445662751,allocation_plus_excess_supported,2.40913969547566,21.58446855433725,0.0,30.41553144566275,allocation_plus_excess_supported,2.362810085947282,21.58446855433725,0.0,29.41553144566275,allocation_plus_excess_supported,0.9729218000959396,21.0,0.5844685543372492,0.0,allocation_balanced_supported
2026-06-13,257,29.67189994740493,4,4,13.0,16.0,30.0,48.0,39.0,14,22.0,1.0110576017436241,29.67189994740493,0.0,0.3281000525950688,allocation_balanced_supported,1.6176921627897989,29.67189994740493,0.0,18.32810005259507,allocation_plus_excess_supported,1.3143748822667116,29.67189994740493,0.0,9.328100052595069,allocation_plus_excess_supported,0.7414422412786578,22.0,7.671899947404931,0.0,mixed_supported
2026-06-14,16,31.55013315269416,4,4,9.0,17.0,19.0,44.0,51.0,7,16.0,0.602216158900031,19.0,12.550133152694158,0.0,mixed_supported,1.3946058416632297,31.55013315269416,0.0,12.449866847305842,allocation_plus_excess_supported,1.616474952836925,31.55013315269416,0.0,19.44986684730584,allocation_plus_excess_supported,0.5071293969684472,16.0,15.550133152694158,0.0,mixed_supported
2026-06-14,20,18.749999999999996,2,2,9.0,11.0,3.0,8.0,18.0,3,2.0,0.16000000000000003,3.0,15.749999999999996,0.0,mixed_supported,0.42666666666666675,8.0,10.749999999999996,0.0,mixed_supported,0.9600000000000002,18.0,0.7499999999999964,0.0,allocation_balanced_supported,0.10666666666666669,2.0,16.749999999999996,0.0,mixed_supported
2026-06-14,21,6.474875441715688,2,2,10.0,17.0,55.0,58.0,87.0,9,53.0,8.494371898747493,6.474875441715688,0.0,48.52512455828431,allocation_plus_excess_supported,8.95770127504281,6.474875441715688,0.0,51.52512455828431,allocation_plus_excess_supported,13.436551912564216,6.474875441715688,0.0,80.52512455828432,allocation_plus_excess_supported,8.185485647883947,6.474875441715688,0.0,46.52512455828431,allocation_plus_excess_supported
2026-06-14,22,8.545625919130405,2,2,17.0,17.0,10.0,11.0,31.0,3,7.0,1.1701892985525852,8.545625919130405,0.0,1.454374080869595,allocation_plus_excess_supported,1.2872082284078437,8.545625919130405,0.0,2.454374080869595,allocation_plus_excess_supported,3.6275868255130144,8.545625919130405,0.0,22.454374080869595,allocation_plus_excess_supported,0.8191325089868097,7.0,1.545625919130405,0.0,mixed_supported
2026-06-14,28,34.266666666666666,2,2,15.0,15.0,0.0,0.0,16.0,0,0.0,0.0,0.0,34.266666666666666,0.0,volume_shortage_supported,0.0,0.0,34.266666666666666,0.0,volume_shortage_supported,0.4669260700389105,16.0,18.266666666666666,0.0,mixed_supported,0.0,0.0,34.266666666666666,0.0,volume_shortage_supported
2026-06-14,80,6.0,1,1,17.0,17.0,30.0,57.0,31.0,10,27.0,5.0,6.0,0.0,24.0,allocation_plus_excess_supported,9.5,6.0,0.0,51.0,allocation_plus_excess_supported,5.166666666666667,6.0,0.0,25.0,allocation_plus_excess_supported,4.5,6.0,0.0,21.0,allocation_plus_excess_supported
2026-06-14,89,31.916666666666668,7,7,14.0,18.0,6.0,12.0,11.0,3,5.0,0.18798955613577023,6.0,25.916666666666668,0.0,mixed_supported,0.37597911227154046,12.0,19.916666666666668,0.0,mixed_supported,0.34464751958224543,11.0,20.916666666666668,0.0,mixed_supported,0.1566579634464752,5.0,26.916666666666668,0.0,mixed_supported
2026-06-14,107,38.80595635013103,6,6,11.0,16.0,22.0,46.0,70.0,5,22.0,0.5669232785169,22.0,16.805956350131027,0.0,mixed_supported,1.185385036898973,38.80595635013103,0.0,7.1940436498689735,allocation_plus_excess_supported,1.8038467952810457,38.80595635013103,0.0,31.194043649868973,allocation_plus_excess_supported,0.5669232785169,22.0,16.805956350131027,0.0,mixed_supported
2026-06-14,221,15.75,5,5,9.0,17.0,62.0,84.0,62.0,16,42.0,3.9365079365079363,15.75,0.0,46.25,allocation_plus_excess_supported,5.333333333333333,15.75,0.0,68.25,allocation_plus_excess_supported,3.9365079365079363,15.75,0.0,46.25,allocation_plus_excess_supported,2.6666666666666665,15.75,0.0,26.25,allocation_plus_excess_supported
2026-06-14,222,23.22011504583707,7,7,11.0,15.0,8.0,23.0,8.0,3,8.0,0.34452887008560495,8.0,15.220115045837069,0.0,mixed_supported,0.9905205014961141,23.0,0.2201150458370691,0.0,allocation_balanced_supported,0.34452887008560495,8.0,15.220115045837069,0.0,mixed_supported,0.34452887008560495,8.0,15.220115045837069,0.0,mixed_supported
2026-06-14,257,10.5,3,3,10.0,16.0,34.0,45.0,42.0,14,33.0,3.238095238095238,10.5,0.0,23.5,allocation_plus_excess_supported,4.285714285714286,10.5,0.0,34.5,allocation_plus_excess_supported,4.0,10.5,0.0,31.5,allocation_plus_excess_supported,3.142857142857143,10.5,0.0,22.5,allocation_plus_excess_supported
2026-06-15,16,15.440749672947224,3,3,13.0,15.0,24.0,45.0,57.0,11,24.0,1.5543286762849933,15.440749672947224,0.0,8.559250327052776,allocation_plus_excess_supported,2.9143662680343625,15.440749672947224,0.0,29.559250327052776,allocation_plus_excess_supported,3.6915306061768587,15.440749672947224,0.0,41.55925032705278,allocation_plus_excess_supported,1.5543286762849933,15.440749672947224,0.0,8.559250327052776,allocation_plus_excess_supported
2026-06-15,20,3.5,1,1,14.0,14.0,14.0,19.0,14.0,5,13.0,4.0,3.5,0.0,10.5,allocation_plus_excess_supported,5.428571428571429,3.5,0.0,15.5,allocation_plus_excess_supported,4.0,3.5,0.0,10.5,allocation_plus_excess_supported,3.7142857142857144,3.5,0.0,9.5,allocation_plus_excess_supported
2026-06-15,22,33.39191001422187,4,4,8.0,17.0,58.0,68.0,69.0,12,56.0,1.7369476611340098,33.39191001422187,0.0,24.60808998577813,allocation_plus_excess_supported,2.036421395812287,33.39191001422187,0.0,34.60808998577813,allocation_plus_excess_supported,2.0663687692801154,33.39191001422187,0.0,35.60808998577813,allocation_plus_excess_supported,1.6770529141983543,33.39191001422187,0.0,22.60808998577813,allocation_plus_excess_supported
2026-06-15,89,27.899783066999362,3,3,15.0,18.0,16.0,36.0,41.0,7,15.0,0.573481161540831,16.0,11.899783066999362,0.0,mixed_supported,1.2903326134668696,27.899783066999362,0.0,8.100216933000638,allocation_plus_excess_supported,1.4695454764483793,27.899783066999362,0.0,13.100216933000638,allocation_plus_excess_supported,0.537638588944529,15.0,12.899783066999362,0.0,mixed_supported
2026-06-15,107,23.5,2,2,15.0,18.0,30.0,64.0,38.0,11,19.0,1.2765957446808511,23.5,0.0,6.5,allocation_plus_excess_supported,2.723404255319149,23.5,0.0,40.5,allocation_plus_excess_supported,1.6170212765957446,23.5,0.0,14.5,allocation_plus_excess_supported,0.8085106382978723,19.0,4.5,0.0,mixed_supported
2026-06-15,221,3.749999999999999,1,1,13.0,13.0,58.0,74.0,61.0,20,47.0,15.46666666666667,3.749999999999999,0.0,54.25,allocation_plus_excess_supported,19.733333333333338,3.749999999999999,0.0,70.25,allocation_plus_excess_supported,16.26666666666667,3.749999999999999,0.0,57.25,allocation_plus_excess_supported,12.533333333333337,3.749999999999999,0.0,43.25,allocation_plus_excess_supported
2026-06-15,222,33.24587327352973,3,3,12.0,16.0,30.0,46.0,37.0,4,30.0,0.9023676338165529,30.0,3.2458732735297318,0.0,allocation_balanced_supported,1.3836303718520477,33.24587327352973,0.0,12.754126726470268,allocation_plus_excess_supported,1.112920081707082,33.24587327352973,0.0,3.7541267264702682,allocation_plus_excess_supported,0.9023676338165529,30.0,3.2458732735297318,0.0,allocation_balanced_supported
2026-06-15,257,10.120376761704003,2,2,14.0,15.0,54.0,73.0,62.0,13,48.0,5.335769731848187,10.120376761704003,0.0,43.879623238296,allocation_plus_excess_supported,7.213170193054031,10.120376761704003,0.0,62.879623238296,allocation_plus_excess_supported,6.126254136566438,10.120376761704003,0.0,51.879623238296,allocation_plus_excess_supported,4.7429064283095,10.120376761704003,0.0,37.879623238296,allocation_plus_excess_supported
2026-06-16,20,24.309523809523814,3,3,14.0,17.0,8.0,9.0,10.0,3,6.0,0.3290891283055827,8.0,16.309523809523814,0.0,mixed_supported,0.3702252693437805,9.0,15.309523809523814,0.0,mixed_supported,0.4113614103819784,10.0,14.309523809523814,0.0,mixed_supported,0.24681684622918704,6.0,18.309523809523814,0.0,mixed_supported
2026-06-16,21,38.03333333333333,3,3,15.0,17.0,6.0,6.0,14.0,2,6.0,0.1577563540753725,6.0,32.03333333333333,0.0,mixed_supported,0.1577563540753725,6.0,32.03333333333333,0.0,mixed_supported,0.3680981595092025,14.0,24.03333333333333,0.0,mixed_supported,0.1577563540753725,6.0,32.03333333333333,0.0,mixed_supported
2026-06-16,22,23.0,2,2,15.0,15.0,4.0,30.0,4.0,1,4.0,0.17391304347826086,4.0,19.0,0.0,mixed_supported,1.3043478260869565,23.0,0.0,7.0,allocation_plus_excess_supported,0.17391304347826086,4.0,19.0,0.0,mixed_supported,0.17391304347826086,4.0,19.0,0.0,mixed_supported
2026-06-16,28,6.703125,1,1,18.0,18.0,3.0,7.0,22.0,2,3.0,0.44755244755244755,3.0,3.703125,0.0,mixed_supported,1.0442890442890442,6.703125,0.0,0.296875,allocation_balanced_supported,3.282051282051282,6.703125,0.0,15.296875,allocation_plus_excess_supported,0.44755244755244755,3.0,3.703125,0.0,mixed_supported
2026-06-16,89,17.5,3,3,11.0,18.0,3.0,32.0,14.0,3,1.0,0.17142857142857143,3.0,14.5,0.0,mixed_supported,1.8285714285714285,17.5,0.0,14.5,allocation_plus_excess_supported,0.8,14.0,3.5,0.0,mixed_supported,0.05714285714285714,1.0,16.5,0.0,volume_shortage_supported
2026-06-16,107,14.092935249054392,4,4,15.0,17.0,21.0,33.0,21.0,4,21.0,1.4901083151864376,14.092935249054392,0.0,6.907064750945608,allocation_plus_excess_supported,2.341598781007259,14.092935249054392,0.0,18.907064750945608,allocation_plus_excess_supported,1.4901083151864376,14.092935249054392,0.0,6.907064750945608,allocation_plus_excess_supported,1.4901083151864376,14.092935249054392,0.0,6.907064750945608,allocation_plus_excess_supported
2026-06-16,221,32.63727778787071,4,4,13.0,17.0,56.0,59.0,56.0,14,33.0,1.7158293765790662,32.63727778787071,0.0,23.36272221212929,allocation_plus_excess_supported,1.8077488074672303,32.63727778787071,0.0,26.36272221212929,allocation_plus_excess_supported,1.7158293765790662,32.63727778787071,0.0,23.36272221212929,allocation_plus_excess_supported,1.011113739769807,32.63727778787071,0.0,0.3627222121292917,allocation_balanced_supported
2026-06-16,222,20.839811799548933,2,2,13.0,13.0,11.0,11.0,13.0,4,9.0,0.5278358607940062,11.0,9.839811799548933,0.0,mixed_supported,0.5278358607940062,11.0,9.839811799548933,0.0,mixed_supported,0.6238060173020075,13.0,7.839811799548933,0.0,mixed_supported,0.4318657042860051,9.0,11.839811799548933,0.0,mixed_supported
2026-06-16,257,6.0,2,2,9.0,17.0,10.0,24.0,16.0,9,7.0,1.6666666666666667,6.0,0.0,4.0,allocation_plus_excess_supported,4.0,6.0,0.0,18.0,allocation_plus_excess_supported,2.6666666666666665,6.0,0.0,10.0,allocation_plus_excess_supported,1.1666666666666667,6.0,0.0,1.0,allocation_plus_excess_supported
2026-06-17,16,3.820142482699024,1,1,18.0,18.0,15.0,18.0,21.0,9,4.0,3.9265551135679457,3.820142482699024,0.0,11.179857517300976,allocation_plus_excess_supported,4.711866136281535,3.820142482699024,0.0,14.179857517300976,allocation_plus_excess_supported,5.4971771589951235,3.820142482699024,0.0,17.179857517300977,allocation_plus_excess_supported,1.0470813636181189,3.820142482699024,0.0,0.179857517300976,allocation_balanced_supported
2026-06-17,20,9.0,1,1,12.0,12.0,24.0,28.0,28.0,11,21.0,2.6666666666666665,9.0,0.0,15.0,allocation_plus_excess_supported,3.111111111111111,9.0,0.0,19.0,allocation_plus_excess_supported,3.111111111111111,9.0,0.0,19.0,allocation_plus_excess_supported,2.3333333333333335,9.0,0.0,12.0,allocation_plus_excess_supported
2026-06-17,21,15.395760426619564,1,1,16.0,16.0,42.0,45.0,54.0,9,40.0,2.7280237439510424,15.395760426619564,0.0,26.604239573380436,allocation_plus_excess_supported,2.9228825828046885,15.395760426619564,0.0,29.604239573380436,allocation_plus_excess_supported,3.507459099365626,15.395760426619564,0.0,38.60423957338044,allocation_plus_excess_supported,2.598117851381945,15.395760426619564,0.0,24.604239573380436,allocation_plus_excess_supported
2026-06-17,22,10.197379383552466,4,4,9.0,18.0,47.0,63.0,47.0,9,47.0,4.609027303211562,10.197379383552466,0.0,36.802620616447534,allocation_plus_excess_supported,6.178057874517625,10.197379383552466,0.0,52.802620616447534,allocation_plus_excess_supported,4.609027303211562,10.197379383552466,0.0,36.802620616447534,allocation_plus_excess_supported,4.609027303211562,10.197379383552466,0.0,36.802620616447534,allocation_plus_excess_supported
2026-06-17,80,10.851853039731129,2,2,17.0,18.0,14.0,37.0,15.0,4,1.0,1.290102247859677,10.851853039731129,0.0,3.148146960268871,allocation_plus_excess_supported,3.409555940772004,10.851853039731129,0.0,26.14814696026887,allocation_plus_excess_supported,1.3822524084210828,10.851853039731129,0.0,4.148146960268871,allocation_plus_excess_supported,0.09215016056140551,1.0,9.851853039731129,0.0,volume_shortage_supported
2026-06-17,89,21.95,4,4,12.0,17.0,17.0,25.0,18.0,5,17.0,0.7744874715261959,17.0,4.949999999999999,0.0,mixed_supported,1.1389521640091116,21.95,0.0,3.0500000000000007,allocation_plus_excess_supported,0.8200455580865604,18.0,3.9499999999999993,0.0,mixed_supported,0.7744874715261959,17.0,4.949999999999999,0.0,mixed_supported
2026-06-17,107,59.01363333333333,7,7,14.0,18.0,4.0,23.0,32.0,3,2.0,0.06778094779228981,4.0,55.01363333333333,0.0,volume_shortage_supported,0.3897404498056664,23.0,36.01363333333333,0.0,mixed_supported,0.5422475823383185,32.0,27.01363333333333,0.0,mixed_supported,0.033890473896144906,2.0,57.01363333333333,0.0,volume_shortage_supported
2026-06-17,221,17.25,4,4,15.0,18.0,127.0,153.0,131.0,20,116.0,7.36231884057971,17.25,0.0,109.75,allocation_plus_excess_supported,8.869565217391305,17.25,0.0,135.75,allocation_plus_excess_supported,7.594202898550725,17.25,0.0,113.75,allocation_plus_excess_supported,6.72463768115942,17.25,0.0,98.75,allocation_plus_excess_supported
2026-06-17,222,44.309972329052556,4,4,14.0,16.0,5.0,5.0,16.0,5,3.0,0.11284141553664813,5.0,39.309972329052556,0.0,mixed_supported,0.11284141553664813,5.0,39.309972329052556,0.0,mixed_supported,0.361092529717274,16.0,28.309972329052556,0.0,mixed_supported,0.06770484932198888,3.0,41.309972329052556,0.0,volume_shortage_supported
2026-06-17,257,25.801376993214436,4,4,16.0,18.0,14.0,15.0,15.0,8,12.0,0.5426066990022235,14.0,11.801376993214436,0.0,mixed_supported,0.5813643203595251,15.0,10.801376993214436,0.0,mixed_supported,0.5813643203595251,15.0,10.801376993214436,0.0,mixed_supported,0.46509145628762016,12.0,13.801376993214436,0.0,mixed_supported
2026-06-18,16,21.146790192648663,2,2,16.0,18.0,31.0,32.0,65.0,7,29.0,1.4659435175545765,21.146790192648663,0.0,9.853209807351337,allocation_plus_excess_supported,1.5132320181208532,21.146790192648663,0.0,10.853209807351337,allocation_plus_excess_supported,3.0737525368079828,21.146790192648663,0.0,43.853209807351334,allocation_plus_excess_supported,1.3713665164220232,21.146790192648663,0.0,7.8532098073513374,allocation_plus_excess_supported
2026-06-18,20,12.749999999999998,2,2,14.0,16.0,18.0,39.0,30.0,5,16.0,1.411764705882353,12.749999999999998,0.0,5.250000000000002,allocation_plus_excess_supported,3.058823529411765,12.749999999999998,0.0,26.25,allocation_plus_excess_supported,2.3529411764705888,12.749999999999998,0.0,17.25,allocation_plus_excess_supported,1.254901960784314,12.749999999999998,0.0,3.2500000000000018,allocation_plus_excess_supported
2026-06-18,21,3.0,1,1,12.0,12.0,81.0,114.0,95.0,12,79.0,27.0,3.0,0.0,78.0,allocation_plus_excess_supported,38.0,3.0,0.0,111.0,allocation_plus_excess_supported,31.666666666666668,3.0,0.0,92.0,allocation_plus_excess_supported,26.333333333333332,3.0,0.0,76.0,allocation_plus_excess_supported
2026-06-18,22,10.004660760115481,2,2,14.0,18.0,42.0,94.0,52.0,10,34.0,4.198043392679234,10.004660760115481,0.0,31.99533923988452,allocation_plus_excess_supported,9.395620926472573,10.004660760115481,0.0,83.99533923988452,allocation_plus_excess_supported,5.197577533793337,10.004660760115481,0.0,41.995339239884515,allocation_plus_excess_supported,3.3984160797879515,10.004660760115481,0.0,23.99533923988452,allocation_plus_excess_supported
2026-06-18,28,20.083333333333332,2,2,14.0,17.0,24.0,52.0,38.0,8,13.0,1.1950207468879668,20.083333333333332,0.0,3.916666666666668,allocation_plus_excess_supported,2.5892116182572615,20.083333333333332,0.0,31.916666666666668,allocation_plus_excess_supported,1.8921161825726143,20.083333333333332,0.0,17.916666666666668,allocation_plus_excess_supported,0.6473029045643154,13.0,7.083333333333332,0.0,mixed_supported
2026-06-18,80,3.3024567301528425,1,1,18.0,18.0,13.0,24.0,21.0,5,13.0,3.9364633853653372,3.3024567301528425,0.0,9.697543269847158,allocation_plus_excess_supported,7.267317019136007,3.3024567301528425,0.0,20.69754326984716,allocation_plus_excess_supported,6.358902391744007,3.3024567301528425,0.0,17.69754326984716,allocation_plus_excess_supported,3.9364633853653372,3.3024567301528425,0.0,9.697543269847158,allocation_plus_excess_supported
2026-06-18,89,14.250000000000002,1,1,15.0,15.0,40.0,43.0,42.0,9,33.0,2.807017543859649,14.250000000000002,0.0,25.75,allocation_plus_excess_supported,3.0175438596491224,14.250000000000002,0.0,28.75,allocation_plus_excess_supported,2.9473684210526314,14.250000000000002,0.0,27.75,allocation_plus_excess_supported,2.31578947368421,14.250000000000002,0.0,18.75,allocation_plus_excess_supported
2026-06-18,107,7.992974023862516,1,1,17.0,17.0,24.0,24.0,27.0,10,20.0,3.0026370570390353,7.992974023862516,0.0,16.007025976137484,allocation_plus_excess_supported,3.0026370570390353,7.992974023862516,0.0,16.007025976137484,allocation_plus_excess_supported,3.3779666891689146,7.992974023862516,0.0,19.007025976137484,allocation_plus_excess_supported,2.5021975475325293,7.992974023862516,0.0,12.007025976137484,allocation_plus_excess_supported
2026-06-18,222,23.79299300155995,3,3,12.0,16.0,8.0,8.0,16.0,5,4.0,0.33623344484132334,8.0,15.79299300155995,0.0,mixed_supported,0.33623344484132334,8.0,15.79299300155995,0.0,mixed_supported,0.6724668896826467,16.0,7.79299300155995,0.0,mixed_supported,0.16811672242066167,4.0,19.79299300155995,0.0,mixed_supported
2026-06-18,257,27.666666666666664,3,3,16.0,18.0,19.0,22.0,29.0,9,17.0,0.6867469879518073,19.0,8.666666666666664,0.0,mixed_supported,0.7951807228915664,22.0,5.666666666666664,0.0,mixed_supported,1.0481927710843375,27.666666666666664,0.0,1.3333333333333357,allocation_balanced_supported,0.6144578313253013,17.0,10.666666666666664,0.0,mixed_supported
2026-06-19,16,6.3,1,1,18.0,18.0,47.0,49.0,63.0,12,44.0,7.4603174603174605,6.3,0.0,40.7,allocation_plus_excess_supported,7.777777777777778,6.3,0.0,42.7,allocation_plus_excess_supported,10.0,6.3,0.0,56.7,allocation_plus_excess_supported,6.984126984126984,6.3,0.0,37.7,allocation_plus_excess_supported
2026-06-19,20,5.46943115364168,1,1,17.0,17.0,10.0,10.0,13.0,3,9.0,1.828343701399689,5.46943115364168,0.0,4.53056884635832,allocation_plus_excess_supported,1.828343701399689,5.46943115364168,0.0,4.53056884635832,allocation_plus_excess_supported,2.3768468118195956,5.46943115364168,0.0,7.53056884635832,allocation_plus_excess_supported,1.64550933125972,5.46943115364168,0.0,3.53056884635832,allocation_plus_excess_supported
2026-06-19,22,3.0000000000000004,1,1,11.0,11.0,2.0,11.0,7.0,2,2.0,0.6666666666666665,2.0,1.0000000000000004,0.0,mixed_supported,3.666666666666666,3.0000000000000004,0.0,8.0,allocation_plus_excess_supported,2.333333333333333,3.0000000000000004,0.0,3.9999999999999996,allocation_plus_excess_supported,0.6666666666666665,2.0,1.0000000000000004,0.0,mixed_supported
2026-06-19,89,18.0,2,2,12.0,16.0,10.0,20.0,35.0,4,10.0,0.5555555555555556,10.0,8.0,0.0,mixed_supported,1.1111111111111112,18.0,0.0,2.0,allocation_plus_excess_supported,1.9444444444444444,18.0,0.0,17.0,allocation_plus_excess_supported,0.5555555555555556,10.0,8.0,0.0,mixed_supported
2026-06-19,107,27.726656353253503,5,5,13.0,17.0,16.0,34.0,39.0,4,15.0,0.5770620083486023,16.0,11.726656353253503,0.0,mixed_supported,1.2262567677407799,27.726656353253503,0.0,6.273343646746497,allocation_plus_excess_supported,1.406588645349718,27.726656353253503,0.0,11.273343646746497,allocation_plus_excess_supported,0.5409956328268146,15.0,12.726656353253503,0.0,mixed_supported
2026-06-19,221,27.75,5,5,12.0,14.0,24.0,42.0,24.0,10,16.0,0.8648648648648649,24.0,3.75,0.0,mixed_supported,1.5135135135135136,27.75,0.0,14.25,allocation_plus_excess_supported,0.8648648648648649,24.0,3.75,0.0,mixed_supported,0.5765765765765766,16.0,11.75,0.0,mixed_supported
2026-06-19,222,21.0,4,4,10.0,14.0,24.0,24.0,28.0,8,22.0,1.1428571428571428,21.0,0.0,3.0,allocation_plus_excess_supported,1.1428571428571428,21.0,0.0,3.0,allocation_plus_excess_supported,1.3333333333333333,21.0,0.0,7.0,allocation_plus_excess_supported,1.0476190476190477,21.0,0.0,1.0,allocation_balanced_supported
2026-06-19,257,6.44607169633642,1,1,18.0,18.0,30.0,34.0,43.0,10,27.0,4.653997258058778,6.44607169633642,0.0,23.55392830366358,allocation_plus_excess_supported,5.274530225799949,6.44607169633642,0.0,27.55392830366358,allocation_plus_excess_supported,6.670729403217583,6.44607169633642,0.0,36.55392830366358,allocation_plus_excess_supported,4.188597532252901,6.44607169633642,0.0,20.55392830366358,allocation_plus_excess_supported
2026-06-20,16,36.834721416330396,3,3,14.0,18.0,25.0,43.0,31.0,7,19.0,0.678707454236818,25.0,11.834721416330396,0.0,mixed_supported,1.1673768212873268,36.834721416330396,0.0,6.165278583669604,allocation_plus_excess_supported,0.8415972432536543,31.0,5.834721416330396,0.0,mixed_supported,0.5158176652199816,19.0,17.834721416330396,0.0,mixed_supported
2026-06-20,20,43.806864540688075,4,4,12.0,15.0,47.0,47.0,57.0,11,38.0,1.0728912122059346,43.806864540688075,0.0,3.193135459311925,allocation_balanced_supported,1.0728912122059346,43.806864540688075,0.0,3.193135459311925,allocation_balanced_supported,1.3011659382071972,43.806864540688075,0.0,13.193135459311925,allocation_plus_excess_supported,0.8674439588047982,38.0,5.806864540688075,0.0,mixed_supported
2026-06-20,21,11.772762422029736,2,2,17.0,18.0,64.0,81.0,69.0,12,60.0,5.436277205445023,11.772762422029736,0.0,52.227237577970264,allocation_plus_excess_supported,6.880288338141358,11.772762422029736,0.0,69.22723757797027,allocation_plus_excess_supported,5.860986362120416,11.772762422029736,0.0,57.227237577970264,allocation_plus_excess_supported,5.096509880104709,11.772762422029736,0.0,48.227237577970264,allocation_plus_excess_supported
2026-06-20,22,31.763101182749594,3,3,13.0,15.0,29.0,30.0,35.0,6,29.0,0.9130090866489378,29.0,2.763101182749594,0.0,allocation_balanced_supported,0.9444921586023494,30.0,1.763101182749594,0.0,allocation_balanced_supported,1.1019075183694076,31.763101182749594,0.0,3.236898817250406,allocation_plus_excess_supported,0.9130090866489378,29.0,2.763101182749594,0.0,allocation_balanced_supported
2026-06-20,28,63.29668894514688,6,6,15.0,18.0,5.0,6.0,25.0,2,5.0,0.0789930734660231,5.0,58.29668894514688,0.0,volume_shortage_supported,0.09479168815922773,6.0,57.29668894514688,0.0,volume_shortage_supported,0.3949653673301155,25.0,38.29668894514688,0.0,mixed_supported,0.0789930734660231,5.0,58.29668894514688,0.0,volume_shortage_supported
2026-06-20,80,39.227760295260296,4,4,11.0,17.0,20.0,53.0,20.0,7,19.0,0.5098430256905722,20.0,19.227760295260296,0.0,mixed_supported,1.351084018080016,39.227760295260296,0.0,13.772239704739704,allocation_plus_excess_supported,0.5098430256905722,20.0,19.227760295260296,0.0,mixed_supported,0.4843508744060435,19.0,20.227760295260296,0.0,mixed_supported
2026-06-20,89,33.3,4,4,14.0,18.0,20.0,27.0,20.0,7,16.0,0.6006006006006006,20.0,13.299999999999997,0.0,mixed_supported,0.8108108108108109,27.0,6.299999999999997,0.0,mixed_supported,0.6006006006006006,20.0,13.299999999999997,0.0,mixed_supported,0.48048048048048053,16.0,17.299999999999997,0.0,mixed_supported
2026-06-20,107,25.7257863697737,5,5,11.0,18.0,19.0,41.0,21.0,6,14.0,0.7385585702571134,19.0,6.725786369773701,0.0,mixed_supported,1.5937316516074551,25.7257863697737,0.0,15.2742136302263,allocation_plus_excess_supported,0.816301577652599,21.0,4.725786369773701,0.0,mixed_supported,0.5442010517683994,14.0,11.7257863697737,0.0,mixed_supported
2026-06-20,221,18.78282024009895,4,4,11.0,18.0,65.0,67.0,104.0,14,35.0,3.4606091720578367,18.78282024009895,0.0,46.21717975990105,allocation_plus_excess_supported,3.567089454275001,18.78282024009895,0.0,48.21717975990105,allocation_plus_excess_supported,5.536974675292538,18.78282024009895,0.0,85.21717975990106,allocation_plus_excess_supported,1.8634049388003735,18.78282024009895,0.0,16.21717975990105,allocation_plus_excess_supported
2026-06-20,222,31.765329554155418,4,4,11.0,14.0,24.0,43.0,56.0,10,19.0,0.7555407211841885,24.0,7.765329554155418,0.0,mixed_supported,1.3536771254550044,31.765329554155418,0.0,11.234670445844582,allocation_plus_excess_supported,1.7629283494297732,31.765329554155418,0.0,24.234670445844582,allocation_plus_excess_supported,0.5981364042708158,19.0,12.765329554155418,0.0,mixed_supported
2026-06-20,257,25.07444966335565,6,6,10.0,17.0,22.0,37.0,31.0,6,22.0,0.8773871528734399,22.0,3.074449663355651,0.0,mixed_supported,1.47560566619624,25.07444966335565,0.0,11.92555033664435,allocation_plus_excess_supported,1.23631826086712,25.07444966335565,0.0,5.925550336644349,allocation_plus_excess_supported,0.8773871528734399,22.0,3.074449663355651,0.0,mixed_supported
2026-06-21,16,8.939544189820548,2,2,16.0,18.0,20.0,28.0,27.0,3,20.0,2.2372505326137304,8.939544189820548,0.0,11.060455810179452,allocation_plus_excess_supported,3.1321507456592226,8.939544189820548,0.0,19.06045581017945,allocation_plus_excess_supported,3.020288219028536,8.939544189820548,0.0,18.06045581017945,allocation_plus_excess_supported,2.2372505326137304,8.939544189820548,0.0,11.060455810179452,allocation_plus_excess_supported
2026-06-21,22,37.49330753351889,4,4,12.0,17.0,3.0,4.0,18.0,2,2.0,0.08001427981028375,3.0,34.49330753351889,0.0,volume_shortage_supported,0.10668570641371167,4.0,33.49330753351889,0.0,mixed_supported,0.4800856788617025,18.0,19.493307533518887,0.0,mixed_supported,0.053342853206855834,2.0,35.49330753351889,0.0,volume_shortage_supported
2026-06-21,28,33.07601344888732,3,3,12.0,17.0,9.0,12.0,12.0,5,9.0,0.2721005061238043,9.0,24.076013448887323,0.0,mixed_supported,0.3628006748317391,12.0,21.076013448887323,0.0,mixed_supported,0.3628006748317391,12.0,21.076013448887323,0.0,mixed_supported,0.2721005061238043,9.0,24.076013448887323,0.0,mixed_supported
2026-06-21,80,7.079099692387679,2,2,10.0,13.0,27.0,72.0,28.0,10,23.0,3.8140443238896227,7.079099692387679,0.0,19.92090030761232,allocation_plus_excess_supported,10.17078486370566,7.079099692387679,0.0,64.92090030761233,allocation_plus_excess_supported,3.9553052247744236,7.079099692387679,0.0,20.92090030761232,allocation_plus_excess_supported,3.249000720350419,7.079099692387679,0.0,15.920900307612321,allocation_plus_excess_supported
2026-06-21,89,5.0,2,2,12.0,17.0,8.0,12.0,68.0,5,8.0,1.6,5.0,0.0,3.0,allocation_plus_excess_supported,2.4,5.0,0.0,7.0,allocation_plus_excess_supported,13.6,5.0,0.0,63.0,allocation_plus_excess_supported,1.6,5.0,0.0,3.0,allocation_plus_excess_supported
2026-06-21,107,65.84817145631531,8,8,10.0,17.0,7.0,8.0,60.0,3,7.0,0.10630515388941221,7.0,58.84817145631531,0.0,mixed_supported,0.12149160444504253,8.0,57.84817145631531,0.0,mixed_supported,0.9111870333378189,60.0,5.848171456315313,0.0,allocation_balanced_supported,0.10630515388941221,7.0,58.84817145631531,0.0,mixed_supported
2026-06-21,221,6.962038824497045,2,2,15.0,17.0,45.0,57.0,45.0,17,23.0,6.46362382261649,6.962038824497045,0.0,38.03796117550296,allocation_plus_excess_supported,8.187256841980886,6.962038824497045,0.0,50.03796117550296,allocation_plus_excess_supported,6.46362382261649,6.962038824497045,0.0,38.03796117550296,allocation_plus_excess_supported,3.3036299537817615,6.962038824497045,0.0,16.037961175502957,allocation_plus_excess_supported
2026-06-21,257,42.13565769201596,9,9,12.0,18.0,27.0,42.0,27.0,10,20.0,0.6407874346557565,27.0,15.135657692015961,0.0,mixed_supported,0.9967804539089545,42.0,0.13565769201596112,0.0,allocation_balanced_supported,0.6407874346557565,27.0,15.135657692015961,0.0,mixed_supported,0.47465735900426403,20.0,22.13565769201596,0.0,mixed_supported
2026-06-22,16,28.032097859189896,5,5,12.0,18.0,16.0,54.0,51.0,6,15.0,0.5707742631454408,16.0,12.032097859189896,0.0,mixed_supported,1.9263631381158626,28.032097859189896,0.0,25.967902140810104,allocation_plus_excess_supported,1.8193429637760923,28.032097859189896,0.0,22.967902140810104,allocation_plus_excess_supported,0.5351008716988507,15.0,13.032097859189896,0.0,mixed_supported
2026-06-22,20,20.0,1,1,16.0,16.0,14.0,27.0,20.0,7,12.0,0.7,14.0,6.0,0.0,mixed_supported,1.35,20.0,0.0,7.0,allocation_plus_excess_supported,1.0,20.0,0.0,0.0,allocation_balanced_supported,0.6,12.0,8.0,0.0,mixed_supported
2026-06-22,21,26.741521201668416,5,5,13.0,18.0,32.0,41.0,32.0,6,25.0,1.1966409748598559,26.741521201668416,0.0,5.258478798331584,allocation_plus_excess_supported,1.5331962490391904,26.741521201668416,0.0,14.258478798331584,allocation_plus_excess_supported,1.1966409748598559,26.741521201668416,0.0,5.258478798331584,allocation_plus_excess_supported,0.9348757616092624,25.0,1.7415212016684158,0.0,allocation_balanced_supported
2026-06-22,22,54.06666666666667,7,7,11.0,18.0,1.0,20.0,3.0,1,1.0,0.01849568434032059,1.0,53.06666666666667,0.0,volume_shortage_supported,0.3699136868064118,20.0,34.06666666666667,0.0,mixed_supported,0.055487053020961775,3.0,51.06666666666667,0.0,volume_shortage_supported,0.01849568434032059,1.0,53.06666666666667,0.0,volume_shortage_supported
2026-06-22,28,7.833333333333333,2,2,15.0,16.0,42.0,45.0,42.0,5,42.0,5.361702127659575,7.833333333333333,0.0,34.166666666666664,allocation_plus_excess_supported,5.74468085106383,7.833333333333333,0.0,37.166666666666664,allocation_plus_excess_supported,5.361702127659575,7.833333333333333,0.0,34.166666666666664,allocation_plus_excess_supported,5.361702127659575,7.833333333333333,0.0,34.166666666666664,allocation_plus_excess_supported
2026-06-22,89,14.431210622328065,2,2,17.0,17.0,5.0,22.0,5.0,4,4.0,0.3464712788727487,5.0,9.431210622328065,0.0,mixed_supported,1.5244736270400943,14.431210622328065,0.0,7.568789377671935,allocation_plus_excess_supported,0.3464712788727487,5.0,9.431210622328065,0.0,mixed_supported,0.27717702309819897,4.0,10.431210622328065,0.0,mixed_supported
2026-06-22,107,13.9,3,3,12.0,17.0,17.0,23.0,25.0,6,13.0,1.223021582733813,13.9,0.0,3.0999999999999996,allocation_plus_excess_supported,1.6546762589928057,13.9,0.0,9.1,allocation_plus_excess_supported,1.7985611510791366,13.9,0.0,11.1,allocation_plus_excess_supported,0.935251798561151,13.0,0.9000000000000004,0.0,allocation_balanced_supported
2026-06-22,221,41.1195195955587,5,5,10.0,17.0,45.0,45.0,58.0,12,26.0,1.0943707621735062,41.1195195955587,0.0,3.8804804044413004,allocation_balanced_supported,1.0943707621735062,41.1195195955587,0.0,3.8804804044413004,allocation_balanced_supported,1.410522315690297,41.1195195955587,0.0,16.8804804044413,allocation_plus_excess_supported,0.6323031070335814,26.0,15.1195195955587,0.0,mixed_supported
2026-06-22,222,57.78388680528249,8,8,12.0,17.0,29.0,29.0,42.0,5,27.0,0.5018700126165427,29.0,28.783886805282492,0.0,mixed_supported,0.5018700126165427,29.0,28.783886805282492,0.0,mixed_supported,0.7268462251687859,42.0,15.783886805282492,0.0,mixed_supported,0.4672582876085053,27.0,30.783886805282492,0.0,mixed_supported
2026-06-22,257,33.0,6,6,14.0,17.0,16.0,22.0,30.0,8,16.0,0.48484848484848486,16.0,17.0,0.0,mixed_supported,0.6666666666666666,22.0,11.0,0.0,mixed_supported,0.9090909090909091,30.0,3.0,0.0,allocation_balanced_supported,0.48484848484848486,16.0,17.0,0.0,mixed_supported
2026-06-23,16,8.064156626506024,1,1,16.0,16.0,6.0,17.0,22.0,4,6.0,0.7440331677436223,6.0,2.0641566265060245,0.0,mixed_supported,2.1080939752735963,8.064156626506024,0.0,8.935843373493976,allocation_plus_excess_supported,2.728121615059948,8.064156626506024,0.0,13.935843373493976,allocation_plus_excess_supported,0.7440331677436223,6.0,2.0641566265060245,0.0,mixed_supported
2026-06-23,20,3.0,1,1,13.0,13.0,39.0,53.0,44.0,8,38.0,13.0,3.0,0.0,36.0,allocation_plus_excess_supported,17.666666666666668,3.0,0.0,50.0,allocation_plus_excess_supported,14.666666666666666,3.0,0.0,41.0,allocation_plus_excess_supported,12.666666666666666,3.0,0.0,35.0,allocation_plus_excess_supported
2026-06-23,22,45.31769845933104,4,4,13.0,17.0,8.0,8.0,29.0,2,8.0,0.17653147163197952,8.0,37.31769845933104,0.0,mixed_supported,0.17653147163197952,8.0,37.31769845933104,0.0,mixed_supported,0.6399265846659258,29.0,16.31769845933104,0.0,mixed_supported,0.17653147163197952,8.0,37.31769845933104,0.0,mixed_supported
2026-06-23,28,14.540462188255724,1,1,15.0,15.0,6.0,16.0,13.0,4,4.0,0.41264162874039706,6.0,8.540462188255724,0.0,mixed_supported,1.100377676641059,14.540462188255724,0.0,1.4595378117442763,allocation_plus_excess_supported,0.8940568622708603,13.0,1.5404621882557237,0.0,mixed_supported,0.2750944191602647,4.0,10.540462188255724,0.0,mixed_supported
2026-06-23,89,1.416683134645824,1,1,16.0,16.0,27.0,52.0,35.0,14,23.0,19.058601983533954,1.416683134645824,0.0,25.583316865354178,allocation_plus_excess_supported,36.70545567199132,1.416683134645824,0.0,50.58331686535418,allocation_plus_excess_supported,24.70559516384031,1.416683134645824,0.0,33.58331686535418,allocation_plus_excess_supported,16.235105393380774,1.416683134645824,0.0,21.583316865354178,allocation_plus_excess_supported
2026-06-23,107,16.5,4,4,12.0,17.0,84.0,111.0,86.0,10,80.0,5.090909090909091,16.5,0.0,67.5,allocation_plus_excess_supported,6.7272727272727275,16.5,0.0,94.5,allocation_plus_excess_supported,5.212121212121212,16.5,0.0,69.5,allocation_plus_excess_supported,4.848484848484849,16.5,0.0,63.5,allocation_plus_excess_supported
2026-06-23,221,29.02980090072191,5,5,11.0,17.0,49.0,63.0,69.0,14,40.0,1.6879206360241166,29.02980090072191,0.0,19.97019909927809,allocation_plus_excess_supported,2.17018367488815,29.02980090072191,0.0,33.97019909927809,allocation_plus_excess_supported,2.376867834401307,29.02980090072191,0.0,39.97019909927809,allocation_plus_excess_supported,1.3778943967543809,29.02980090072191,0.0,10.97019909927809,allocation_plus_excess_supported
2026-06-23,222,3.0,1,1,8.0,8.0,12.0,16.0,12.0,6,10.0,4.0,3.0,0.0,9.0,allocation_plus_excess_supported,5.333333333333333,3.0,0.0,13.0,allocation_plus_excess_supported,4.0,3.0,0.0,9.0,allocation_plus_excess_supported,3.3333333333333335,3.0,0.0,7.0,allocation_plus_excess_supported
2026-06-23,257,23.34666131288695,5,5,16.0,18.0,27.0,27.0,27.0,6,23.0,1.1564822754804975,23.34666131288695,0.0,3.653338687113049,allocation_plus_excess_supported,1.1564822754804975,23.34666131288695,0.0,3.653338687113049,allocation_plus_excess_supported,1.1564822754804975,23.34666131288695,0.0,3.653338687113049,allocation_plus_excess_supported,0.9851515680019053,23.0,0.3466613128869511,0.0,allocation_balanced_supported
2026-06-24,16,20.76324487786662,4,4,11.0,18.0,17.0,28.0,17.0,8,11.0,0.8187544914100495,17.0,3.7632448778666188,0.0,mixed_supported,1.3485368093812582,20.76324487786662,0.0,7.236755122133381,allocation_plus_excess_supported,0.8187544914100495,17.0,3.7632448778666188,0.0,mixed_supported,0.5297823179712086,11.0,9.763244877866619,0.0,mixed_supported
2026-06-24,20,3.0,1,1,16.0,16.0,15.0,17.0,21.0,2,15.0,5.0,3.0,0.0,12.0,allocation_plus_excess_supported,5.666666666666667,3.0,0.0,14.0,allocation_plus_excess_supported,7.0,3.0,0.0,18.0,allocation_plus_excess_supported,5.0,3.0,0.0,12.0,allocation_plus_excess_supported
2026-06-24,22,19.176007536490697,3,3,16.0,17.0,63.0,65.0,73.0,13,62.0,3.2853554046698767,19.176007536490697,0.0,43.8239924635093,allocation_plus_excess_supported,3.3896524016435237,19.176007536490697,0.0,45.8239924635093,allocation_plus_excess_supported,3.806840389538111,19.176007536490697,0.0,53.8239924635093,allocation_plus_excess_supported,3.233206906183053,19.176007536490697,0.0,42.8239924635093,allocation_plus_excess_supported
2026-06-24,80,14.333333333333332,2,2,12.0,18.0,1.0,1.0,3.0,1,1.0,0.06976744186046512,1.0,13.333333333333332,0.0,volume_shortage_supported,0.06976744186046512,1.0,13.333333333333332,0.0,volume_shortage_supported,0.20930232558139536,3.0,11.333333333333332,0.0,mixed_supported,0.06976744186046512,1.0,13.333333333333332,0.0,volume_shortage_supported
2026-06-24,89,3.0,1,1,14.0,14.0,31.0,45.0,64.0,9,25.0,10.333333333333334,3.0,0.0,28.0,allocation_plus_excess_supported,15.0,3.0,0.0,42.0,allocation_plus_excess_supported,21.333333333333332,3.0,0.0,61.0,allocation_plus_excess_supported,8.333333333333334,3.0,0.0,22.0,allocation_plus_excess_supported
2026-06-24,107,54.59236126103586,6,6,13.0,18.0,21.0,28.0,22.0,11,18.0,0.38466920123838466,21.0,33.59236126103586,0.0,mixed_supported,0.5128922683178463,28.0,26.59236126103586,0.0,mixed_supported,0.40298678224973633,22.0,32.59236126103586,0.0,mixed_supported,0.3297164582043297,18.0,36.59236126103586,0.0,mixed_supported
2026-06-24,221,42.559551185573525,8,8,8.0,17.0,30.0,37.0,41.0,12,26.0,0.7048946514776487,30.0,12.559551185573525,0.0,mixed_supported,0.8693700701557667,37.0,5.559551185573525,0.0,mixed_supported,0.9633560236861198,41.0,1.5595511855735253,0.0,allocation_balanced_supported,0.6109086979472955,26.0,16.559551185573525,0.0,mixed_supported
2026-06-24,222,19.799138869256492,4,4,12.0,16.0,6.0,18.0,21.0,4,5.0,0.3030434828312973,6.0,13.799138869256492,0.0,mixed_supported,0.9091304484938918,18.0,1.7991388692564918,0.0,allocation_balanced_supported,1.0606521899095405,19.799138869256492,0.0,1.2008611307435082,allocation_balanced_supported,0.25253623569274775,5.0,14.799138869256492,0.0,mixed_supported
2026-06-24,257,14.25,2,2,13.0,15.0,18.0,26.0,18.0,10,14.0,1.263157894736842,14.25,0.0,3.75,allocation_plus_excess_supported,1.8245614035087718,14.25,0.0,11.75,allocation_plus_excess_supported,1.263157894736842,14.25,0.0,3.75,allocation_plus_excess_supported,0.9824561403508771,14.0,0.25,0.0,allocation_balanced_supported
2026-06-25,16,29.508128965347282,3,3,17.0,18.0,9.0,12.0,15.0,4,4.0,0.30500070033478244,9.0,20.508128965347282,0.0,mixed_supported,0.40666760044637656,12.0,17.508128965347282,0.0,mixed_supported,0.5083345005579707,15.0,14.508128965347282,0.0,mixed_supported,0.13555586681545886,4.0,25.508128965347282,0.0,mixed_supported
2026-06-25,20,15.000000000000002,1,1,13.0,13.0,34.0,36.0,55.0,5,33.0,2.2666666666666666,15.000000000000002,0.0,19.0,allocation_plus_excess_supported,2.4,15.000000000000002,0.0,21.0,allocation_plus_excess_supported,3.666666666666666,15.000000000000002,0.0,40.0,allocation_plus_excess_supported,2.1999999999999997,15.000000000000002,0.0,18.0,allocation_plus_excess_supported
2026-06-25,21,29.847697585250454,3,3,11.0,17.0,106.0,114.0,144.0,14,103.0,3.5513627038482523,29.847697585250454,0.0,76.15230241474954,allocation_plus_excess_supported,3.819390077723592,29.847697585250454,0.0,84.15230241474954,allocation_plus_excess_supported,4.824492729756116,29.847697585250454,0.0,114.15230241474954,allocation_plus_excess_supported,3.4508524386449997,29.847697585250454,0.0,73.15230241474954,allocation_plus_excess_supported
2026-06-25,22,11.337739566347736,1,1,18.0,18.0,25.0,70.0,30.0,6,21.0,2.205025071682197,11.337739566347736,0.0,13.662260433652264,allocation_plus_excess_supported,6.174070200710152,11.337739566347736,0.0,58.662260433652264,allocation_plus_excess_supported,2.6460300860186368,11.337739566347736,0.0,18.662260433652264,allocation_plus_excess_supported,1.8522210602130458,11.337739566347736,0.0,9.662260433652264,allocation_plus_excess_supported
2026-06-25,28,9.0,1,1,16.0,16.0,6.0,12.0,9.0,3,5.0,0.6666666666666666,6.0,3.0,0.0,mixed_supported,1.3333333333333333,9.0,0.0,3.0,allocation_plus_excess_supported,1.0,9.0,0.0,0.0,allocation_balanced_supported,0.5555555555555556,5.0,4.0,0.0,mixed_supported
2026-06-25,80,3.924896101325945,1,1,18.0,18.0,36.0,36.0,51.0,10,30.0,9.172217320055465,3.924896101325945,0.0,32.07510389867406,allocation_plus_excess_supported,9.172217320055465,3.924896101325945,0.0,32.07510389867406,allocation_plus_excess_supported,12.993974536745242,3.924896101325945,0.0,47.07510389867406,allocation_plus_excess_supported,7.643514433379554,3.924896101325945,0.0,26.075103898674055,allocation_plus_excess_supported
2026-06-25,89,12.0,2,2,13.0,18.0,49.0,58.0,67.0,9,48.0,4.083333333333333,12.0,0.0,37.0,allocation_plus_excess_supported,4.833333333333333,12.0,0.0,46.0,allocation_plus_excess_supported,5.583333333333333,12.0,0.0,55.0,allocation_plus_excess_supported,4.0,12.0,0.0,36.0,allocation_plus_excess_supported
2026-06-25,221,20.416666666666668,5,5,12.0,18.0,54.0,77.0,57.0,15,48.0,2.644897959183673,20.416666666666668,0.0,33.58333333333333,allocation_plus_excess_supported,3.7714285714285714,20.416666666666668,0.0,56.58333333333333,allocation_plus_excess_supported,2.7918367346938773,20.416666666666668,0.0,36.58333333333333,allocation_plus_excess_supported,2.351020408163265,20.416666666666668,0.0,27.583333333333332,allocation_plus_excess_supported
2026-06-25,222,20.78451330569434,4,4,11.0,13.0,32.0,36.0,44.0,9,31.0,1.5396078575115324,20.78451330569434,0.0,11.21548669430566,allocation_plus_excess_supported,1.732058839700474,20.78451330569434,0.0,15.21548669430566,allocation_plus_excess_supported,2.116960804078357,20.78451330569434,0.0,23.21548669430566,allocation_plus_excess_supported,1.491495111964297,20.78451330569434,0.0,10.21548669430566,allocation_plus_excess_supported
2026-06-25,257,31.51741645332803,6,6,12.0,18.0,10.0,10.0,10.0,4,10.0,0.3172848896040801,10.0,21.51741645332803,0.0,mixed_supported,0.3172848896040801,10.0,21.51741645332803,0.0,mixed_supported,0.3172848896040801,10.0,21.51741645332803,0.0,mixed_supported,0.3172848896040801,10.0,21.51741645332803,0.0,mixed_supported
2026-06-26,16,5.474134197601079,1,1,17.0,17.0,34.0,47.0,39.0,12,32.0,6.211027858049181,5.474134197601079,0.0,28.525865802398922,allocation_plus_excess_supported,8.58583262730328,5.474134197601079,0.0,41.52586580239892,allocation_plus_excess_supported,7.1244143077622955,5.474134197601079,0.0,33.52586580239892,allocation_plus_excess_supported,5.845673278163935,5.474134197601079,0.0,26.525865802398922,allocation_plus_excess_supported
2026-06-26,22,26.75,5,5,8.0,18.0,7.0,35.0,17.0,3,1.0,0.2616822429906542,7.0,19.75,0.0,mixed_supported,1.308411214953271,26.75,0.0,8.25,allocation_plus_excess_supported,0.6355140186915887,17.0,9.75,0.0,mixed_supported,0.037383177570093455,1.0,25.75,0.0,volume_shortage_supported
2026-06-26,28,9.75,2,2,15.0,16.0,41.0,50.0,56.0,8,41.0,4.205128205128205,9.75,0.0,31.25,allocation_plus_excess_supported,5.128205128205129,9.75,0.0,40.25,allocation_plus_excess_supported,5.743589743589744,9.75,0.0,46.25,allocation_plus_excess_supported,4.205128205128205,9.75,0.0,31.25,allocation_plus_excess_supported
2026-06-26,80,10.303960144008736,1,1,17.0,17.0,33.0,54.0,33.0,9,29.0,3.2026521394483396,10.303960144008736,0.0,22.696039855991266,allocation_plus_excess_supported,5.240703500915465,10.303960144008736,0.0,43.696039855991266,allocation_plus_excess_supported,3.2026521394483396,10.303960144008736,0.0,22.696039855991266,allocation_plus_excess_supported,2.8144518801212683,10.303960144008736,0.0,18.696039855991266,allocation_plus_excess_supported
2026-06-26,107,45.34993290864122,4,4,11.0,18.0,32.0,36.0,37.0,8,29.0,0.7056239766542752,32.0,13.349932908641222,0.0,mixed_supported,0.7938269737360596,36.0,9.349932908641222,0.0,mixed_supported,0.8158777230065057,37.0,8.349932908641222,0.0,mixed_supported,0.6394717288429369,29.0,16.34993290864122,0.0,mixed_supported
2026-06-26,221,33.14997591522158,5,5,13.0,16.0,28.0,36.0,56.0,7,27.0,0.8446461641965523,28.0,5.149975915221582,0.0,mixed_supported,1.0859736396812814,33.14997591522158,0.0,2.8500240847784184,allocation_balanced_supported,1.6892923283931045,33.14997591522158,0.0,22.85002408477842,allocation_plus_excess_supported,0.8144802297609611,27.0,6.149975915221582,0.0,mixed_supported
2026-06-26,222,3.75,1,1,7.0,7.0,21.0,31.0,21.0,4,21.0,5.6,3.75,0.0,17.25,allocation_plus_excess_supported,8.266666666666667,3.75,0.0,27.25,allocation_plus_excess_supported,5.6,3.75,0.0,17.25,allocation_plus_excess_supported,5.6,3.75,0.0,17.25,allocation_plus_excess_supported
2026-06-26,257,27.75,3,3,15.0,17.0,9.0,9.0,18.0,4,7.0,0.32432432432432434,9.0,18.75,0.0,mixed_supported,0.32432432432432434,9.0,18.75,0.0,mixed_supported,0.6486486486486487,18.0,9.75,0.0,mixed_supported,0.25225225225225223,7.0,20.75,0.0,mixed_supported
2026-06-27,16,5.997570578872414,1,1,18.0,18.0,28.0,40.0,58.0,5,28.0,4.668556981827832,5.997570578872414,0.0,22.002429421127587,allocation_plus_excess_supported,6.669367116896903,5.997570578872414,0.0,34.00242942112759,allocation_plus_excess_supported,9.67058231950051,5.997570578872414,0.0,52.00242942112759,allocation_plus_excess_supported,4.668556981827832,5.997570578872414,0.0,22.002429421127587,allocation_plus_excess_supported
2026-06-27,20,26.75,3,3,9.0,13.0,30.0,70.0,42.0,6,25.0,1.1214953271028036,26.75,0.0,3.25,allocation_plus_excess_supported,2.616822429906542,26.75,0.0,43.25,allocation_plus_excess_supported,1.5700934579439252,26.75,0.0,15.25,allocation_plus_excess_supported,0.9345794392523364,25.0,1.75,0.0,allocation_balanced_supported
2026-06-27,21,3.73664789102242,1,1,18.0,18.0,23.0,46.0,23.0,9,20.0,6.155249483168924,3.73664789102242,0.0,19.26335210897758,allocation_plus_excess_supported,12.310498966337848,3.73664789102242,0.0,42.26335210897758,allocation_plus_excess_supported,6.155249483168924,3.73664789102242,0.0,19.26335210897758,allocation_plus_excess_supported,5.352390854929499,3.73664789102242,0.0,16.26335210897758,allocation_plus_excess_supported
2026-06-27,22,60.6596955572268,5,5,12.0,14.0,5.0,19.0,27.0,4,4.0,0.0824270539782542,5.0,55.6596955572268,0.0,volume_shortage_supported,0.313222805117366,19.0,41.6596955572268,0.0,mixed_supported,0.4451060914825727,27.0,33.6596955572268,0.0,mixed_supported,0.06594164318260336,4.0,56.6596955572268,0.0,volume_shortage_supported
2026-06-27,28,18.8390430180028,3,3,10.0,16.0,16.0,20.0,21.0,3,16.0,0.8493000405970845,16.0,2.8390430180028012,0.0,mixed_supported,1.0616250507463556,18.8390430180028,0.0,1.1609569819971988,allocation_balanced_supported,1.1147063032836735,18.8390430180028,0.0,2.1609569819971988,allocation_plus_excess_supported,0.8493000405970845,16.0,2.8390430180028012,0.0,mixed_supported
2026-06-27,89,9.866666666666667,2,2,11.0,17.0,20.0,75.0,64.0,7,16.0,2.0270270270270268,9.866666666666667,0.0,10.133333333333333,allocation_plus_excess_supported,7.601351351351351,9.866666666666667,0.0,65.13333333333333,allocation_plus_excess_supported,6.486486486486486,9.866666666666667,0.0,54.13333333333333,allocation_plus_excess_supported,1.6216216216216215,9.866666666666667,0.0,6.133333333333333,allocation_plus_excess_supported
2026-06-27,107,39.911880260136115,5,5,14.0,18.0,78.0,98.0,113.0,15,59.0,1.954305321914543,39.911880260136115,0.0,38.088119739863885,allocation_plus_excess_supported,2.4554092506105794,39.911880260136115,0.0,58.088119739863885,allocation_plus_excess_supported,2.831237197132607,39.911880260136115,0.0,73.08811973986388,allocation_plus_excess_supported,1.478256589653308,39.911880260136115,0.0,19.088119739863885,allocation_plus_excess_supported
2026-06-27,221,15.0,5,5,12.0,16.0,107.0,116.0,107.0,19,97.0,7.133333333333334,15.0,0.0,92.0,allocation_plus_excess_supported,7.733333333333333,15.0,0.0,101.0,allocation_plus_excess_supported,7.133333333333334,15.0,0.0,92.0,allocation_plus_excess_supported,6.466666666666667,15.0,0.0,82.0,allocation_plus_excess_supported
2026-06-27,222,15.60185360090972,2,2,13.0,14.0,36.0,56.0,55.0,13,28.0,2.307418138951188,15.60185360090972,0.0,20.39814639909028,allocation_plus_excess_supported,3.5893171050351813,15.60185360090972,0.0,40.39814639909028,allocation_plus_excess_supported,3.525222156730982,15.60185360090972,0.0,39.39814639909028,allocation_plus_excess_supported,1.7946585525175907,15.60185360090972,0.0,12.39814639909028,allocation_plus_excess_supported
2026-06-27,257,23.606466814121642,4,4,14.0,17.0,79.0,93.0,88.0,21,47.0,3.3465406162662745,23.606466814121642,0.0,55.393533185878354,allocation_plus_excess_supported,3.9395984469970067,23.606466814121642,0.0,69.39353318587835,allocation_plus_excess_supported,3.7277920788788883,23.606466814121642,0.0,64.39353318587835,allocation_plus_excess_supported,1.9909798603103153,23.606466814121642,0.0,23.393533185878358,allocation_plus_excess_supported
2026-06-28,16,3.75,1,1,16.0,16.0,40.0,56.0,41.0,12,37.0,10.666666666666666,3.75,0.0,36.25,allocation_plus_excess_supported,14.933333333333334,3.75,0.0,52.25,allocation_plus_excess_supported,10.933333333333334,3.75,0.0,37.25,allocation_plus_excess_supported,9.866666666666667,3.75,0.0,33.25,allocation_plus_excess_supported
2026-06-28,20,10.500000000000004,1,1,13.0,13.0,13.0,17.0,16.0,7,11.0,1.2380952380952377,10.500000000000004,0.0,2.4999999999999964,allocation_plus_excess_supported,1.6190476190476184,10.500000000000004,0.0,6.4999999999999964,allocation_plus_excess_supported,1.5238095238095233,10.500000000000004,0.0,5.4999999999999964,allocation_plus_excess_supported,1.0476190476190472,10.500000000000004,0.0,0.49999999999999645,allocation_balanced_supported
2026-06-28,21,20.416666666666664,5,5,10.0,17.0,21.0,43.0,25.0,5,20.0,1.0285714285714287,20.416666666666664,0.0,0.5833333333333357,allocation_balanced_supported,2.106122448979592,20.416666666666664,0.0,22.583333333333336,allocation_plus_excess_supported,1.2244897959183676,20.416666666666664,0.0,4.583333333333336,allocation_plus_excess_supported,0.979591836734694,20.0,0.4166666666666643,0.0,allocation_balanced_supported
2026-06-28,22,13.416666666666666,3,3,11.0,17.0,17.0,17.0,36.0,4,17.0,1.2670807453416149,13.416666666666666,0.0,3.583333333333334,allocation_plus_excess_supported,1.2670807453416149,13.416666666666666,0.0,3.583333333333334,allocation_plus_excess_supported,2.6832298136645965,13.416666666666666,0.0,22.583333333333336,allocation_plus_excess_supported,1.2670807453416149,13.416666666666666,0.0,3.583333333333334,allocation_plus_excess_supported
2026-06-28,28,40.0,2,2,15.0,16.0,2.0,2.0,6.0,1,2.0,0.05,2.0,38.0,0.0,volume_shortage_supported,0.05,2.0,38.0,0.0,volume_shortage_supported,0.15,6.0,34.0,0.0,mixed_supported,0.05,2.0,38.0,0.0,volume_shortage_supported
2026-06-28,80,8.117931312898769,2,2,9.0,14.0,71.0,81.0,76.0,20,53.0,8.74607055213518,8.117931312898769,0.0,62.88206868710123,allocation_plus_excess_supported,9.97791147497112,8.117931312898769,0.0,72.88206868710122,allocation_plus_excess_supported,9.361991013553151,8.117931312898769,0.0,67.88206868710122,allocation_plus_excess_supported,6.528756891030486,8.117931312898769,0.0,44.88206868710123,allocation_plus_excess_supported
2026-06-28,89,13.0,4,4,9.0,18.0,3.0,57.0,5.0,2,2.0,0.23076923076923078,3.0,10.0,0.0,mixed_supported,4.384615384615385,13.0,0.0,44.0,allocation_plus_excess_supported,0.38461538461538464,5.0,8.0,0.0,mixed_supported,0.15384615384615385,2.0,11.0,0.0,mixed_supported
2026-06-28,107,32.0,5,5,8.0,18.0,24.0,65.0,36.0,6,22.0,0.75,24.0,8.0,0.0,mixed_supported,2.03125,32.0,0.0,33.0,allocation_plus_excess_supported,1.125,32.0,0.0,4.0,allocation_plus_excess_supported,0.6875,22.0,10.0,0.0,mixed_supported
2026-06-28,221,18.75,4,4,10.0,16.0,86.0,86.0,93.0,22,40.0,4.586666666666667,18.75,0.0,67.25,allocation_plus_excess_supported,4.586666666666667,18.75,0.0,67.25,allocation_plus_excess_supported,4.96,18.75,0.0,74.25,allocation_plus_excess_supported,2.1333333333333333,18.75,0.0,21.25,allocation_plus_excess_supported
2026-06-28,257,22.813023741089182,4,4,16.0,18.0,21.0,30.0,21.0,7,11.0,0.9205268112782571,21.0,1.8130237410891823,0.0,allocation_balanced_supported,1.3150383018260816,22.813023741089182,0.0,7.186976258910818,allocation_plus_excess_supported,0.9205268112782571,21.0,1.8130237410891823,0.0,allocation_balanced_supported,0.48218071066956325,11.0,11.813023741089182,0.0,mixed_supported
2026-06-29,16,38.45357420007775,6,6,9.0,17.0,13.0,56.0,44.0,4,10.0,0.338070004425589,13.0,25.453574200077753,0.0,mixed_supported,1.456301557525614,38.45357420007775,0.0,17.546425799922247,allocation_plus_excess_supported,1.1442369380558397,38.45357420007775,0.0,5.546425799922247,allocation_plus_excess_supported,0.26005384955814537,10.0,28.453574200077753,0.0,mixed_supported
2026-06-29,21,25.23941416966054,3,3,11.0,16.0,5.0,31.0,22.0,4,2.0,0.19810285478061268,5.0,20.23941416966054,0.0,mixed_supported,1.2282376996397986,25.23941416966054,0.0,5.760585830339458,allocation_plus_excess_supported,0.8716525610346958,22.0,3.2394141696605416,0.0,mixed_supported,0.07924114191224507,2.0,23.23941416966054,0.0,volume_shortage_supported
2026-06-29,22,54.861376550190975,4,4,13.0,17.0,66.0,87.0,66.0,12,63.0,1.203032153952948,54.861376550190975,0.0,11.138623449809025,allocation_plus_excess_supported,1.585815112028886,54.861376550190975,0.0,32.138623449809025,allocation_plus_excess_supported,1.203032153952948,54.861376550190975,0.0,11.138623449809025,allocation_plus_excess_supported,1.148348874227814,54.861376550190975,0.0,8.138623449809025,allocation_plus_excess_supported
2026-06-29,28,8.360563985906044,2,2,16.0,16.0,62.0,62.0,78.0,11,59.0,7.41576765688505,8.360563985906044,0.0,53.63943601409396,allocation_plus_excess_supported,7.41576765688505,8.360563985906044,0.0,53.63943601409396,allocation_plus_excess_supported,9.329514148984417,8.360563985906044,0.0,69.63943601409396,allocation_plus_excess_supported,7.056940189616419,8.360563985906044,0.0,50.63943601409396,allocation_plus_excess_supported
2026-06-29,80,7.500000000000001,2,2,9.0,12.0,38.0,85.0,51.0,7,37.0,5.066666666666666,7.500000000000001,0.0,30.5,allocation_plus_excess_supported,11.333333333333332,7.500000000000001,0.0,77.5,allocation_plus_excess_supported,6.799999999999999,7.500000000000001,0.0,43.5,allocation_plus_excess_supported,4.933333333333333,7.500000000000001,0.0,29.5,allocation_plus_excess_supported
2026-06-29,89,6.0,2,2,14.0,16.0,5.0,51.0,5.0,3,4.0,0.8333333333333334,5.0,1.0,0.0,mixed_supported,8.5,6.0,0.0,45.0,allocation_plus_excess_supported,0.8333333333333334,5.0,1.0,0.0,mixed_supported,0.6666666666666666,4.0,2.0,0.0,mixed_supported
2026-06-29,107,13.454159931460712,3,3,15.0,18.0,9.0,20.0,18.0,4,5.0,0.6689380864987885,9.0,4.454159931460712,0.0,mixed_supported,1.4865290811084189,13.454159931460712,0.0,6.545840068539288,allocation_plus_excess_supported,1.337876172997577,13.454159931460712,0.0,4.545840068539288,allocation_plus_excess_supported,0.3716322702771047,5.0,8.454159931460712,0.0,mixed_supported
2026-06-29,221,17.10366025497626,3,3,11.0,17.0,71.0,72.0,100.0,13,65.0,4.151158228212745,17.10366025497626,0.0,53.89633974502374,allocation_plus_excess_supported,4.209625245511517,17.10366025497626,0.0,54.89633974502374,allocation_plus_excess_supported,5.846701729877107,17.10366025497626,0.0,82.89633974502374,allocation_plus_excess_supported,3.800356124420119,17.10366025497626,0.0,47.89633974502374,allocation_plus_excess_supported
2026-06-29,222,58.66178156810529,7,7,12.0,16.0,25.0,36.0,25.0,4,20.0,0.42617185042318295,25.0,33.66178156810529,0.0,mixed_supported,0.6136874646093835,36.0,22.66178156810529,0.0,mixed_supported,0.42617185042318295,25.0,33.66178156810529,0.0,mixed_supported,0.3409374803385464,20.0,38.66178156810529,0.0,mixed_supported
2026-06-29,257,3.635716788590012,3,3,14.0,18.0,19.0,29.0,20.0,5,14.0,5.225929604755738,3.635716788590012,0.0,15.364283211409989,allocation_plus_excess_supported,7.976418870416652,3.635716788590012,0.0,25.364283211409987,allocation_plus_excess_supported,5.500978531321829,3.635716788590012,0.0,16.364283211409987,allocation_plus_excess_supported,3.85068497192528,3.635716788590012,0.0,10.364283211409989,allocation_plus_excess_supported
2026-06-30,20,25.59873545439771,4,4,7.0,16.0,28.0,38.0,35.0,5,26.0,1.0938040298857719,25.59873545439771,0.0,2.4012645456022916,allocation_balanced_supported,1.4844483262735475,25.59873545439771,0.0,12.401264545602292,allocation_plus_excess_supported,1.367255037357215,25.59873545439771,0.0,9.401264545602292,allocation_plus_excess_supported,1.0156751706082168,25.59873545439771,0.0,0.40126454560229163,allocation_balanced_supported
2026-06-30,21,3.0000000000000004,1,1,14.0,14.0,94.0,153.0,104.0,11,94.0,31.33333333333333,3.0000000000000004,0.0,91.0,allocation_plus_excess_supported,50.99999999999999,3.0000000000000004,0.0,150.0,allocation_plus_excess_supported,34.666666666666664,3.0000000000000004,0.0,101.0,allocation_plus_excess_supported,31.33333333333333,3.0000000000000004,0.0,91.0,allocation_plus_excess_supported
2026-06-30,22,3.0000000000000004,1,1,12.0,12.0,70.0,89.0,80.0,11,68.0,23.33333333333333,3.0000000000000004,0.0,67.0,allocation_plus_excess_supported,29.66666666666666,3.0000000000000004,0.0,86.0,allocation_plus_excess_supported,26.666666666666664,3.0000000000000004,0.0,77.0,allocation_plus_excess_supported,22.666666666666664,3.0000000000000004,0.0,65.0,allocation_plus_excess_supported
2026-06-30,28,7.47391637897967,1,1,16.0,16.0,26.0,77.0,40.0,4,25.0,3.4787651723164568,7.47391637897967,0.0,18.52608362102033,allocation_plus_excess_supported,10.30249685647566,7.47391637897967,0.0,69.52608362102033,allocation_plus_excess_supported,5.351946418948395,7.47391637897967,0.0,32.526083621020334,allocation_plus_excess_supported,3.3449665118427467,7.47391637897967,0.0,17.52608362102033,allocation_plus_excess_supported
2026-06-30,89,8.213417022467127,1,1,17.0,17.0,38.0,57.0,54.0,9,34.0,4.626576234477578,8.213417022467127,0.0,29.786582977532873,allocation_plus_excess_supported,6.939864351716367,8.213417022467127,0.0,48.78658297753287,allocation_plus_excess_supported,6.57460833320498,8.213417022467127,0.0,45.78658297753287,allocation_plus_excess_supported,4.139568209795728,8.213417022467127,0.0,25.786582977532873,allocation_plus_excess_supported
2026-06-30,107,7.271980056016214,1,1,16.0,16.0,14.0,20.0,31.0,10,10.0,1.9251977992455573,7.271980056016214,0.0,6.728019943983786,allocation_plus_excess_supported,2.7502825703507963,7.271980056016214,0.0,12.728019943983785,allocation_plus_excess_supported,4.2629379840437345,7.271980056016214,0.0,23.728019943983785,allocation_plus_excess_supported,1.3751412851753981,7.271980056016214,0.0,2.728019943983786,allocation_plus_excess_supported
2026-06-30,221,22.75,4,4,14.0,18.0,48.0,56.0,60.0,17,42.0,2.10989010989011,22.75,0.0,25.25,allocation_plus_excess_supported,2.4615384615384617,22.75,0.0,33.25,allocation_plus_excess_supported,2.6373626373626373,22.75,0.0,37.25,allocation_plus_excess_supported,1.8461538461538463,22.75,0.0,19.25,allocation_plus_excess_supported
2026-06-30,222,5.0,1,1,16.0,16.0,47.0,102.0,51.0,8,47.0,9.4,5.0,0.0,42.0,allocation_plus_excess_supported,20.4,5.0,0.0,97.0,allocation_plus_excess_supported,10.2,5.0,0.0,46.0,allocation_plus_excess_supported,9.4,5.0,0.0,42.0,allocation_plus_excess_supported
2026-06-30,257,4.272734725929347,2,2,17.0,18.0,71.0,77.0,79.0,19,67.0,16.616992290472012,4.272734725929347,0.0,66.72726527407065,allocation_plus_excess_supported,18.021245160089364,4.272734725929347,0.0,72.72726527407065,allocation_plus_excess_supported,18.489329449961815,4.272734725929347,0.0,74.72726527407065,allocation_plus_excess_supported,15.68082371072711,4.272734725929347,0.0,62.72726527407065,allocation_plus_excess_supported
2026-07-01,16,11.869944421530906,3,3,11.0,16.0,10.0,36.0,32.0,7,10.0,0.8424639277889951,10.0,1.8699444215309065,0.0,mixed_supported,3.032870140040383,11.869944421530906,0.0,24.130055578469094,allocation_plus_excess_supported,2.6958845689247846,11.869944421530906,0.0,20.130055578469094,allocation_plus_excess_supported,0.8424639277889951,10.0,1.8699444215309065,0.0,mixed_supported
2026-07-01,22,12.124930593382825,2,2,16.0,18.0,43.0,53.0,44.0,9,39.0,3.5464120531516468,12.124930593382825,0.0,30.875069406617175,allocation_plus_excess_supported,4.371159042256681,12.124930593382825,0.0,40.87506940661717,allocation_plus_excess_supported,3.6288867520621504,12.124930593382825,0.0,31.875069406617175,allocation_plus_excess_supported,3.216513257509633,12.124930593382825,0.0,26.875069406617175,allocation_plus_excess_supported
2026-07-01,80,16.599179107538713,3,3,15.0,17.0,9.0,32.0,10.0,2,9.0,0.5421954869992663,9.0,7.599179107538713,0.0,mixed_supported,1.9278061759973915,16.599179107538713,0.0,15.400820892461287,allocation_plus_excess_supported,0.6024394299991849,10.0,6.599179107538713,0.0,mixed_supported,0.5421954869992663,9.0,7.599179107538713,0.0,mixed_supported
2026-07-01,89,6.0,1,1,17.0,17.0,42.0,71.0,94.0,11,41.0,7.0,6.0,0.0,36.0,allocation_plus_excess_supported,11.833333333333334,6.0,0.0,65.0,allocation_plus_excess_supported,15.666666666666666,6.0,0.0,88.0,allocation_plus_excess_supported,6.833333333333333,6.0,0.0,35.0,allocation_plus_excess_supported
2026-07-01,107,13.5,3,3,11.0,16.0,73.0,110.0,74.0,11,57.0,5.407407407407407,13.5,0.0,59.5,allocation_plus_excess_supported,8.148148148148149,13.5,0.0,96.5,allocation_plus_excess_supported,5.481481481481482,13.5,0.0,60.5,allocation_plus_excess_supported,4.222222222222222,13.5,0.0,43.5,allocation_plus_excess_supported
2026-07-01,221,5.526853805297302,2,2,13.0,17.0,37.0,68.0,37.0,13,24.0,6.694586342149444,5.526853805297302,0.0,31.4731461947027,allocation_plus_excess_supported,12.303564088274655,5.526853805297302,0.0,62.4731461947027,allocation_plus_excess_supported,6.694586342149444,5.526853805297302,0.0,31.4731461947027,allocation_plus_excess_supported,4.342434384096936,5.526853805297302,0.0,18.4731461947027,allocation_plus_excess_supported
2026-07-01,222,13.501067803898108,1,1,14.0,14.0,9.0,27.0,24.0,5,9.0,0.6666139397804867,9.0,4.501067803898108,0.0,mixed_supported,1.9998418193414598,13.501067803898108,0.0,13.498932196101892,allocation_plus_excess_supported,1.7776371727479643,13.501067803898108,0.0,10.498932196101892,allocation_plus_excess_supported,0.6666139397804867,9.0,4.501067803898108,0.0,mixed_supported
2026-07-01,257,8.0,2,2,10.0,16.0,44.0,71.0,44.0,13,43.0,5.5,8.0,0.0,36.0,allocation_plus_excess_supported,8.875,8.0,0.0,63.0,allocation_plus_excess_supported,5.5,8.0,0.0,36.0,allocation_plus_excess_supported,5.375,8.0,0.0,35.0,allocation_plus_excess_supported
2026-07-02,16,2.139598256952015,1,1,18.0,18.0,27.0,38.0,53.0,7,27.0,12.619191435715182,2.139598256952015,0.0,24.860401743047984,allocation_plus_excess_supported,17.760343502117664,2.139598256952015,0.0,35.86040174304799,allocation_plus_excess_supported,24.77100541084832,2.139598256952015,0.0,50.86040174304799,allocation_plus_excess_supported,12.619191435715182,2.139598256952015,0.0,24.860401743047984,allocation_plus_excess_supported
2026-07-02,20,3.0,1,1,13.0,13.0,26.0,63.0,34.0,11,19.0,8.666666666666666,3.0,0.0,23.0,allocation_plus_excess_supported,21.0,3.0,0.0,60.0,allocation_plus_excess_supported,11.333333333333334,3.0,0.0,31.0,allocation_plus_excess_supported,6.333333333333333,3.0,0.0,16.0,allocation_plus_excess_supported
2026-07-02,21,36.5,3,3,12.0,14.0,50.0,66.0,52.0,8,47.0,1.36986301369863,36.5,0.0,13.5,allocation_plus_excess_supported,1.8082191780821917,36.5,0.0,29.5,allocation_plus_excess_supported,1.4246575342465753,36.5,0.0,15.5,allocation_plus_excess_supported,1.2876712328767124,36.5,0.0,10.5,allocation_plus_excess_supported
2026-07-02,22,5.019598716976338,1,1,15.0,15.0,37.0,73.0,50.0,10,35.0,7.371107151427383,5.019598716976338,0.0,31.98040128302366,allocation_plus_excess_supported,14.542995190654025,5.019598716976338,0.0,67.98040128302367,allocation_plus_excess_supported,9.960955610037004,5.019598716976338,0.0,44.98040128302366,allocation_plus_excess_supported,6.972668927025903,5.019598716976338,0.0,29.98040128302366,allocation_plus_excess_supported
2026-07-02,28,21.850598467234995,3,3,16.0,18.0,5.0,6.0,11.0,3,5.0,0.2288266844268594,5.0,16.850598467234995,0.0,mixed_supported,0.27459202131223126,6.0,15.850598467234995,0.0,mixed_supported,0.5034187057390906,11.0,10.850598467234995,0.0,mixed_supported,0.2288266844268594,5.0,16.850598467234995,0.0,mixed_supported
2026-07-02,80,15.5,4,4,10.0,16.0,30.0,49.0,46.0,7,29.0,1.935483870967742,15.5,0.0,14.5,allocation_plus_excess_supported,3.161290322580645,15.5,0.0,33.5,allocation_plus_excess_supported,2.967741935483871,15.5,0.0,30.5,allocation_plus_excess_supported,1.8709677419354838,15.5,0.0,13.5,allocation_plus_excess_supported
2026-07-02,89,3.0,1,1,14.0,14.0,5.0,26.0,5.0,1,5.0,1.6666666666666667,3.0,0.0,2.0,allocation_plus_excess_supported,8.666666666666666,3.0,0.0,23.0,allocation_plus_excess_supported,1.6666666666666667,3.0,0.0,2.0,allocation_plus_excess_supported,1.6666666666666667,3.0,0.0,2.0,allocation_plus_excess_supported
2026-07-02,107,24.56155159722547,3,3,9.0,16.0,23.0,77.0,61.0,7,23.0,0.936422925439211,23.0,1.5615515972254705,0.0,allocation_balanced_supported,3.1349810982095323,24.56155159722547,0.0,52.438448402774526,allocation_plus_excess_supported,2.4835564544257336,24.56155159722547,0.0,36.438448402774526,allocation_plus_excess_supported,0.936422925439211,23.0,1.5615515972254705,0.0,allocation_balanced_supported
2026-07-02,221,6.196965502109072,2,2,11.0,17.0,46.0,77.0,72.0,15,41.0,7.422987909864011,6.196965502109072,0.0,39.80303449789093,allocation_plus_excess_supported,12.4254362839028,6.196965502109072,0.0,70.80303449789093,allocation_plus_excess_supported,11.61858977196106,6.196965502109072,0.0,65.80303449789093,allocation_plus_excess_supported,6.61614139792227,6.196965502109072,0.0,34.80303449789093,allocation_plus_excess_supported
2026-07-02,222,20.735596367481236,3,3,13.0,16.0,3.0,10.0,8.0,1,0.0,0.14467874214144977,3.0,17.735596367481236,0.0,mixed_supported,0.4822624738048325,10.0,10.735596367481236,0.0,mixed_supported,0.38580997904386605,8.0,12.735596367481236,0.0,mixed_supported,0.0,0.0,20.735596367481236,0.0,volume_shortage_supported
2026-07-02,257,9.303673730502265,1,1,17.0,17.0,37.0,37.0,38.0,11,36.0,3.9769236402492085,9.303673730502265,0.0,27.696326269497735,allocation_plus_excess_supported,3.9769236402492085,9.303673730502265,0.0,27.696326269497735,allocation_plus_excess_supported,4.084408062958646,9.303673730502265,0.0,28.696326269497735,allocation_plus_excess_supported,3.8694392175397705,9.303673730502265,0.0,26.696326269497735,allocation_plus_excess_supported
2026-07-03,16,4.5,1,1,13.0,13.0,16.0,47.0,16.0,9,15.0,3.5555555555555554,4.5,0.0,11.5,allocation_plus_excess_supported,10.444444444444445,4.5,0.0,42.5,allocation_plus_excess_supported,3.5555555555555554,4.5,0.0,11.5,allocation_plus_excess_supported,3.3333333333333335,4.5,0.0,10.5,allocation_plus_excess_supported
2026-07-03,20,21.731349206349204,3,3,12.0,16.0,3.0,8.0,22.0,3,0.0,0.138049412924785,3.0,18.731349206349204,0.0,mixed_supported,0.36813176779942663,8.0,13.731349206349204,0.0,mixed_supported,1.0123623614484234,21.731349206349204,0.0,0.2686507936507958,allocation_balanced_supported,0.0,0.0,21.731349206349204,0.0,volume_shortage_supported
2026-07-03,22,14.998611462157866,2,2,17.0,18.0,17.0,40.0,20.0,6,12.0,1.1334382547939001,14.998611462157866,0.0,2.001388537842134,allocation_plus_excess_supported,2.66691354069153,14.998611462157866,0.0,25.001388537842132,allocation_plus_excess_supported,1.333456770345765,14.998611462157866,0.0,5.001388537842134,allocation_plus_excess_supported,0.800074062207459,12.0,2.998611462157866,0.0,mixed_supported
2026-07-03,28,7.5,1,1,12.0,12.0,16.0,18.0,17.0,7,13.0,2.1333333333333333,7.5,0.0,8.5,allocation_plus_excess_supported,2.4,7.5,0.0,10.5,allocation_plus_excess_supported,2.2666666666666666,7.5,0.0,9.5,allocation_plus_excess_supported,1.7333333333333334,7.5,0.0,5.5,allocation_plus_excess_supported
2026-07-03,80,2.0,1,1,16.0,16.0,12.0,40.0,17.0,3,5.0,6.0,2.0,0.0,10.0,allocation_plus_excess_supported,20.0,2.0,0.0,38.0,allocation_plus_excess_supported,8.5,2.0,0.0,15.0,allocation_plus_excess_supported,2.5,2.0,0.0,3.0,allocation_plus_excess_supported
2026-07-03,89,15.333333333333334,3,3,10.0,17.0,17.0,46.0,17.0,6,16.0,1.108695652173913,15.333333333333334,0.0,1.666666666666666,allocation_plus_excess_supported,3.0,15.333333333333334,0.0,30.666666666666664,allocation_plus_excess_supported,1.108695652173913,15.333333333333334,0.0,1.666666666666666,allocation_plus_excess_supported,1.0434782608695652,15.333333333333334,0.0,0.6666666666666661,allocation_balanced_supported
2026-07-03,107,24.5,2,2,16.0,17.0,4.0,10.0,6.0,2,4.0,0.16326530612244897,4.0,20.5,0.0,mixed_supported,0.40816326530612246,10.0,14.5,0.0,mixed_supported,0.24489795918367346,6.0,18.5,0.0,mixed_supported,0.16326530612244897,4.0,20.5,0.0,mixed_supported
2026-07-03,221,56.65470939740384,9,9,11.0,17.0,15.0,31.0,15.0,6,3.0,0.2647617498976592,15.0,41.65470939740384,0.0,mixed_supported,0.547174283121829,31.0,25.654709397403842,0.0,mixed_supported,0.2647617498976592,15.0,41.65470939740384,0.0,mixed_supported,0.05295234997953185,3.0,53.65470939740384,0.0,volume_shortage_supported
2026-07-03,222,26.53917093910381,4,4,11.0,15.0,31.0,47.0,40.0,12,27.0,1.1680847179111928,26.53917093910381,0.0,4.460829060896192,allocation_plus_excess_supported,1.7709671529621311,26.53917093910381,0.0,20.46082906089619,allocation_plus_excess_supported,1.5072060876273456,26.53917093910381,0.0,13.460829060896192,allocation_plus_excess_supported,1.0173641091484584,26.53917093910381,0.0,0.4608290608961916,allocation_balanced_supported
2026-07-03,257,3.0,1,1,17.0,17.0,63.0,67.0,63.0,19,54.0,21.0,3.0,0.0,60.0,allocation_plus_excess_supported,22.333333333333332,3.0,0.0,64.0,allocation_plus_excess_supported,21.0,3.0,0.0,60.0,allocation_plus_excess_supported,18.0,3.0,0.0,51.0,allocation_plus_excess_supported
2026-07-04,16,12.72165980161754,1,1,17.0,17.0,22.0,60.0,26.0,5,22.0,1.7293340918614042,12.72165980161754,0.0,9.27834019838246,allocation_plus_excess_supported,4.716365705076557,12.72165980161754,0.0,47.27834019838246,allocation_plus_excess_supported,2.0437584721998414,12.72165980161754,0.0,13.27834019838246,allocation_plus_excess_supported,1.7293340918614042,12.72165980161754,0.0,9.27834019838246,allocation_plus_excess_supported
2026-07-04,20,26.011111111111113,5,5,11.0,15.0,18.0,25.0,22.0,4,18.0,0.6920119607005553,18.0,8.011111111111113,0.0,mixed_supported,0.9611277231952157,25.0,1.0111111111111128,0.0,allocation_balanced_supported,0.8457923964117898,22.0,4.011111111111113,0.0,mixed_supported,0.6920119607005553,18.0,8.011111111111113,0.0,mixed_supported
2026-07-04,21,17.916666666666664,4,4,14.0,16.0,1.0,3.0,3.0,1,1.0,0.0558139534883721,1.0,16.916666666666664,0.0,volume_shortage_supported,0.1674418604651163,3.0,14.916666666666664,0.0,mixed_supported,0.1674418604651163,3.0,14.916666666666664,0.0,mixed_supported,0.0558139534883721,1.0,16.916666666666664,0.0,volume_shortage_supported
2026-07-04,22,4.030550385195569,2,2,14.0,18.0,22.0,33.0,26.0,4,22.0,5.458311619377641,4.030550385195569,0.0,17.969449614804432,allocation_plus_excess_supported,8.187467429066462,4.030550385195569,0.0,28.969449614804432,allocation_plus_excess_supported,6.45073191380994,4.030550385195569,0.0,21.969449614804432,allocation_plus_excess_supported,5.458311619377641,4.030550385195569,0.0,17.969449614804432,allocation_plus_excess_supported
2026-07-04,28,20.054234259300664,2,2,9.0,17.0,33.0,39.0,52.0,9,29.0,1.6455377738841066,20.054234259300664,0.0,12.945765740699336,allocation_plus_excess_supported,1.9447264600448533,20.054234259300664,0.0,18.945765740699336,allocation_plus_excess_supported,2.5929686133931376,20.054234259300664,0.0,31.945765740699336,allocation_plus_excess_supported,1.4460786497769422,20.054234259300664,0.0,8.945765740699336,allocation_plus_excess_supported
2026-07-04,80,21.617335510120306,3,3,8.0,13.0,44.0,84.0,45.0,13,34.0,2.035403483440459,21.617335510120306,0.0,22.382664489879694,allocation_plus_excess_supported,3.8857702865681487,21.617335510120306,0.0,62.382664489879694,allocation_plus_excess_supported,2.0816626535186513,21.617335510120306,0.0,23.382664489879694,allocation_plus_excess_supported,1.5728117826585364,21.617335510120306,0.0,12.382664489879694,allocation_plus_excess_supported
2026-07-04,89,19.909735411092164,4,4,16.0,18.0,31.0,71.0,52.0,9,26.0,1.5570272211015521,19.909735411092164,0.0,11.090264588907836,allocation_plus_excess_supported,3.5660946031680707,19.909735411092164,0.0,51.090264588907836,allocation_plus_excess_supported,2.6117875966864745,19.909735411092164,0.0,32.090264588907836,allocation_plus_excess_supported,1.3058937983432373,19.909735411092164,0.0,6.090264588907836,allocation_plus_excess_supported
2026-07-04,107,18.333333333333336,4,4,12.0,17.0,75.0,85.0,141.0,14,65.0,4.09090909090909,18.333333333333336,0.0,56.666666666666664,allocation_plus_excess_supported,4.636363636363636,18.333333333333336,0.0,66.66666666666666,allocation_plus_excess_supported,7.69090909090909,18.333333333333336,0.0,122.66666666666666,allocation_plus_excess_supported,3.545454545454545,18.333333333333336,0.0,46.666666666666664,allocation_plus_excess_supported
2026-07-04,221,21.12264452251677,7,7,10.0,17.0,98.0,98.0,150.0,19,77.0,4.639570575338323,21.12264452251677,0.0,76.87735547748323,allocation_plus_excess_supported,4.639570575338323,21.12264452251677,0.0,76.87735547748323,allocation_plus_excess_supported,7.101383533681107,21.12264452251677,0.0,128.87735547748323,allocation_plus_excess_supported,3.645376880622968,21.12264452251677,0.0,55.877355477483235,allocation_plus_excess_supported
2026-07-04,222,17.25,4,4,12.0,14.0,54.0,77.0,96.0,9,54.0,3.130434782608696,17.25,0.0,36.75,allocation_plus_excess_supported,4.463768115942029,17.25,0.0,59.75,allocation_plus_excess_supported,5.565217391304348,17.25,0.0,78.75,allocation_plus_excess_supported,3.130434782608696,17.25,0.0,36.75,allocation_plus_excess_supported
2026-07-04,257,21.0,3,3,10.0,15.0,39.0,75.0,47.0,17,29.0,1.8571428571428572,21.0,0.0,18.0,allocation_plus_excess_supported,3.5714285714285716,21.0,0.0,54.0,allocation_plus_excess_supported,2.238095238095238,21.0,0.0,26.0,allocation_plus_excess_supported,1.380952380952381,21.0,0.0,8.0,allocation_plus_excess_supported
2026-07-05,16,9.722222222222223,2,2,13.0,17.0,50.0,76.0,88.0,13,45.0,5.142857142857142,9.722222222222223,0.0,40.27777777777778,allocation_plus_excess_supported,7.817142857142857,9.722222222222223,0.0,66.27777777777777,allocation_plus_excess_supported,9.05142857142857,9.722222222222223,0.0,78.27777777777777,allocation_plus_excess_supported,4.628571428571428,9.722222222222223,0.0,35.27777777777778,allocation_plus_excess_supported
2026-07-05,20,3.75,1,1,12.0,12.0,21.0,23.0,29.0,7,18.0,5.6,3.75,0.0,17.25,allocation_plus_excess_supported,6.133333333333334,3.75,0.0,19.25,allocation_plus_excess_supported,7.733333333333333,3.75,0.0,25.25,allocation_plus_excess_supported,4.8,3.75,0.0,14.25,allocation_plus_excess_supported
2026-07-05,21,3.3707251277150942,1,1,17.0,17.0,12.0,12.0,13.0,3,11.0,3.560064836296638,3.3707251277150942,0.0,8.629274872284906,allocation_plus_excess_supported,3.560064836296638,3.3707251277150942,0.0,8.629274872284906,allocation_plus_excess_supported,3.8567369059880243,3.3707251277150942,0.0,9.629274872284906,allocation_plus_excess_supported,3.2633927666052513,3.3707251277150942,0.0,7.629274872284906,allocation_plus_excess_supported
2026-07-05,22,3.75,1,1,10.0,10.0,16.0,21.0,49.0,6,15.0,4.266666666666667,3.75,0.0,12.25,allocation_plus_excess_supported,5.6,3.75,0.0,17.25,allocation_plus_excess_supported,13.066666666666666,3.75,0.0,45.25,allocation_plus_excess_supported,4.0,3.75,0.0,11.25,allocation_plus_excess_supported
2026-07-05,28,12.68763472949599,1,1,16.0,16.0,28.0,37.0,33.0,4,28.0,2.206873116776139,12.68763472949599,0.0,15.31236527050401,allocation_plus_excess_supported,2.916225190025612,12.68763472949599,0.0,24.31236527050401,allocation_plus_excess_supported,2.600957601914735,12.68763472949599,0.0,20.31236527050401,allocation_plus_excess_supported,2.206873116776139,12.68763472949599,0.0,15.31236527050401,allocation_plus_excess_supported
2026-07-05,80,5.7938846153846155,2,2,13.0,15.0,29.0,71.0,34.0,8,28.0,5.005277447706799,5.7938846153846155,0.0,23.206115384615384,allocation_plus_excess_supported,12.254299958178716,5.7938846153846155,0.0,65.20611538461539,allocation_plus_excess_supported,5.868256318001075,5.7938846153846155,0.0,28.206115384615384,allocation_plus_excess_supported,4.8326816736479445,5.7938846153846155,0.0,22.206115384615384,allocation_plus_excess_supported
2026-07-05,89,19.201425730534016,3,3,15.0,17.0,27.0,104.0,33.0,8,19.0,1.4061455841304913,19.201425730534016,0.0,7.798574269465984,allocation_plus_excess_supported,5.416264472206337,19.201425730534016,0.0,84.79857426946599,allocation_plus_excess_supported,1.7186223806039338,19.201425730534016,0.0,13.798574269465984,allocation_plus_excess_supported,0.9895098554992346,19.0,0.2014257305340159,0.0,allocation_balanced_supported
2026-07-05,107,39.40703246271175,4,4,11.0,18.0,84.0,125.0,97.0,13,39.0,2.131599228627114,39.40703246271175,0.0,44.59296753728825,allocation_plus_excess_supported,3.172022661647491,39.40703246271175,0.0,85.59296753728825,allocation_plus_excess_supported,2.461489585438453,39.40703246271175,0.0,57.59296753728825,allocation_plus_excess_supported,0.9896710704340173,39.0,0.4070324627117472,0.0,allocation_balanced_supported
2026-07-05,221,5.0,3,3,12.0,15.0,98.0,99.0,98.0,22,75.0,19.6,5.0,0.0,93.0,allocation_plus_excess_supported,19.8,5.0,0.0,94.0,allocation_plus_excess_supported,19.6,5.0,0.0,93.0,allocation_plus_excess_supported,15.0,5.0,0.0,70.0,allocation_plus_excess_supported
2026-07-05,257,35.79479088964875,7,7,14.0,17.0,43.0,48.0,51.0,15,33.0,1.2012921134967398,35.79479088964875,0.0,7.205209110351248,allocation_plus_excess_supported,1.340977242973105,35.79479088964875,0.0,12.205209110351248,allocation_plus_excess_supported,1.424788320658924,35.79479088964875,0.0,15.205209110351248,allocation_plus_excess_supported,0.9219218545440097,33.0,2.794790889648752,0.0,allocation_balanced_supported
2026-07-06,16,9.431945275628518,2,2,15.0,18.0,3.0,27.0,15.0,3,1.0,0.31806800318824885,3.0,6.431945275628518,0.0,mixed_supported,2.8626120286942394,9.431945275628518,0.0,17.568054724371482,allocation_plus_excess_supported,1.5903400159412442,9.431945275628518,0.0,5.568054724371482,allocation_plus_excess_supported,0.10602266772941628,1.0,8.431945275628518,0.0,mixed_supported
2026-07-06,20,3.0000000000000004,1,1,11.0,11.0,20.0,53.0,24.0,6,20.0,6.666666666666666,3.0000000000000004,0.0,17.0,allocation_plus_excess_supported,17.666666666666664,3.0000000000000004,0.0,50.0,allocation_plus_excess_supported,7.999999999999999,3.0000000000000004,0.0,21.0,allocation_plus_excess_supported,6.666666666666666,3.0000000000000004,0.0,17.0,allocation_plus_excess_supported
2026-07-06,21,36.28590606915518,5,5,11.0,18.0,22.0,32.0,47.0,13,14.0,0.6062960080994392,22.0,14.285906069155182,0.0,mixed_supported,0.8818851026900933,32.0,4.285906069155182,0.0,mixed_supported,1.2952687445760747,36.28590606915518,0.0,10.714093930844818,allocation_plus_excess_supported,0.38582473242691584,14.0,22.285906069155182,0.0,mixed_supported
2026-07-06,22,26.42024025202245,2,2,12.0,16.0,44.0,50.0,54.0,11,43.0,1.6653898518819046,26.42024025202245,0.0,17.57975974797755,allocation_plus_excess_supported,1.8924884680476188,26.42024025202245,0.0,23.57975974797755,allocation_plus_excess_supported,2.0438875454914283,26.42024025202245,0.0,27.57975974797755,allocation_plus_excess_supported,1.6275400825209523,26.42024025202245,0.0,16.57975974797755,allocation_plus_excess_supported
2026-07-06,28,20.0,1,1,12.0,12.0,11.0,71.0,22.0,4,11.0,0.55,11.0,9.0,0.0,mixed_supported,3.55,20.0,0.0,51.0,allocation_plus_excess_supported,1.1,20.0,0.0,2.0,allocation_balanced_supported,0.55,11.0,9.0,0.0,mixed_supported
2026-07-06,80,24.833333333333336,4,4,11.0,16.0,30.0,56.0,35.0,8,27.0,1.2080536912751676,24.833333333333336,0.0,5.166666666666664,allocation_plus_excess_supported,2.2550335570469797,24.833333333333336,0.0,31.166666666666664,allocation_plus_excess_supported,1.4093959731543624,24.833333333333336,0.0,10.166666666666664,allocation_plus_excess_supported,1.087248322147651,24.833333333333336,0.0,2.1666666666666643,allocation_balanced_supported
2026-07-06,89,23.984489490282513,4,4,7.0,18.0,3.0,32.0,3.0,1,3.0,0.1250808361468553,3.0,20.984489490282513,0.0,mixed_supported,1.3341955855664565,23.984489490282513,0.0,8.015510509717487,allocation_plus_excess_supported,0.1250808361468553,3.0,20.984489490282513,0.0,mixed_supported,0.1250808361468553,3.0,20.984489490282513,0.0,mixed_supported
2026-07-06,107,33.5,4,4,11.0,17.0,10.0,36.0,19.0,4,10.0,0.29850746268656714,10.0,23.5,0.0,mixed_supported,1.0746268656716418,33.5,0.0,2.5,allocation_balanced_supported,0.5671641791044776,19.0,14.5,0.0,mixed_supported,0.29850746268656714,10.0,23.5,0.0,mixed_supported
2026-07-06,221,14.25,2,2,12.0,15.0,45.0,68.0,45.0,11,36.0,3.1578947368421053,14.25,0.0,30.75,allocation_plus_excess_supported,4.771929824561403,14.25,0.0,53.75,allocation_plus_excess_supported,3.1578947368421053,14.25,0.0,30.75,allocation_plus_excess_supported,2.526315789473684,14.25,0.0,21.75,allocation_plus_excess_supported
2026-07-06,222,29.25,6,6,10.0,15.0,28.0,35.0,28.0,6,27.0,0.9572649572649573,28.0,1.25,0.0,allocation_balanced_supported,1.1965811965811965,29.25,0.0,5.75,allocation_plus_excess_supported,0.9572649572649573,28.0,1.25,0.0,allocation_balanced_supported,0.9230769230769231,27.0,2.25,0.0,allocation_balanced_supported
2026-07-06,257,8.083333333333334,2,2,9.0,17.0,63.0,68.0,63.0,17,53.0,7.793814432989691,8.083333333333334,0.0,54.916666666666664,allocation_plus_excess_supported,8.412371134020617,8.083333333333334,0.0,59.916666666666664,allocation_plus_excess_supported,7.793814432989691,8.083333333333334,0.0,54.916666666666664,allocation_plus_excess_supported,6.556701030927835,8.083333333333334,0.0,44.916666666666664,allocation_plus_excess_supported
2026-07-07,16,6.0,1,1,15.0,15.0,15.0,30.0,23.0,5,15.0,2.5,6.0,0.0,9.0,allocation_plus_excess_supported,5.0,6.0,0.0,24.0,allocation_plus_excess_supported,3.8333333333333335,6.0,0.0,17.0,allocation_plus_excess_supported,2.5,6.0,0.0,9.0,allocation_plus_excess_supported
2026-07-07,21,12.103518723404251,1,1,17.0,17.0,146.0,198.0,173.0,12,142.0,12.06260785284561,12.103518723404251,0.0,133.89648127659575,allocation_plus_excess_supported,16.35887914290021,12.103518723404251,0.0,185.89648127659575,allocation_plus_excess_supported,14.29336409960473,12.103518723404251,0.0,160.89648127659575,allocation_plus_excess_supported,11.732125445918333,12.103518723404251,0.0,129.89648127659575,allocation_plus_excess_supported
2026-07-07,22,6.0,1,1,14.0,14.0,57.0,93.0,75.0,10,57.0,9.5,6.0,0.0,51.0,allocation_plus_excess_supported,15.5,6.0,0.0,87.0,allocation_plus_excess_supported,12.5,6.0,0.0,69.0,allocation_plus_excess_supported,9.5,6.0,0.0,51.0,allocation_plus_excess_supported
2026-07-07,28,16.35375208941646,2,2,17.0,17.0,32.0,54.0,38.0,8,31.0,1.9567375012801624,16.35375208941646,0.0,15.64624791058354,allocation_plus_excess_supported,3.3019945334102743,16.35375208941646,0.0,37.64624791058354,allocation_plus_excess_supported,2.323625782770193,16.35375208941646,0.0,21.64624791058354,allocation_plus_excess_supported,1.8955894543651575,16.35375208941646,0.0,14.64624791058354,allocation_plus_excess_supported
2026-07-07,80,10.833333333333334,2,2,11.0,17.0,17.0,21.0,28.0,5,17.0,1.5692307692307692,10.833333333333334,0.0,6.166666666666666,allocation_plus_excess_supported,1.9384615384615385,10.833333333333334,0.0,10.166666666666666,allocation_plus_excess_supported,2.5846153846153843,10.833333333333334,0.0,17.166666666666664,allocation_plus_excess_supported,1.5692307692307692,10.833333333333334,0.0,6.166666666666666,allocation_plus_excess_supported
2026-07-07,89,22.876853916617417,2,2,18.0,18.0,3.0,10.0,22.0,3,2.0,0.1311369129223159,3.0,19.876853916617417,0.0,mixed_supported,0.4371230430743864,10.0,12.876853916617417,0.0,mixed_supported,0.9616706947636501,22.0,0.8768539166174172,0.0,allocation_balanced_supported,0.08742460861487727,2.0,20.876853916617417,0.0,volume_shortage_supported
2026-07-07,107,21.83729030022964,3,3,12.0,18.0,3.0,11.0,9.0,3,1.0,0.1373796821288057,3.0,18.83729030022964,0.0,mixed_supported,0.5037255011389542,11.0,10.83729030022964,0.0,mixed_supported,0.41213904638641713,9.0,12.83729030022964,0.0,mixed_supported,0.04579322737626857,1.0,20.83729030022964,0.0,volume_shortage_supported
2026-07-07,221,23.335820608056885,6,6,10.0,18.0,37.0,49.0,75.0,9,24.0,1.5855452705710913,23.335820608056885,0.0,13.664179391943115,allocation_plus_excess_supported,2.0997761691346883,23.335820608056885,0.0,25.664179391943115,allocation_plus_excess_supported,3.2139431160224823,23.335820608056885,0.0,51.664179391943115,allocation_plus_excess_supported,1.0284617971271943,23.335820608056885,0.0,0.6641793919431151,allocation_balanced_supported
2026-07-07,222,18.77387446061493,3,3,15.0,16.0,0.0,4.0,3.0,0,0.0,0.0,0.0,18.77387446061493,0.0,volume_shortage_supported,0.21306204046434118,4.0,14.77387446061493,0.0,mixed_supported,0.1597965303482559,3.0,15.77387446061493,0.0,mixed_supported,0.0,0.0,18.77387446061493,0.0,volume_shortage_supported
2026-07-07,257,2.6980005514310315,1,1,17.0,17.0,25.0,27.0,26.0,10,22.0,9.266121160256949,2.6980005514310315,0.0,22.301999448568967,allocation_plus_excess_supported,10.007410853077506,2.6980005514310315,0.0,24.301999448568967,allocation_plus_excess_supported,9.636766006667228,2.6980005514310315,0.0,23.301999448568967,allocation_plus_excess_supported,8.154186621026115,2.6980005514310315,0.0,19.301999448568967,allocation_plus_excess_supported
2026-07-08,16,13.5,3,3,7.0,14.0,18.0,32.0,25.0,8,18.0,1.3333333333333333,13.5,0.0,4.5,allocation_plus_excess_supported,2.3703703703703702,13.5,0.0,18.5,allocation_plus_excess_supported,1.8518518518518519,13.5,0.0,11.5,allocation_plus_excess_supported,1.3333333333333333,13.5,0.0,4.5,allocation_plus_excess_supported
2026-07-08,20,7.499999999999999,1,1,15.0,15.0,3.0,29.0,7.0,3,0.0,0.4,3.0,4.499999999999999,0.0,mixed_supported,3.866666666666667,7.499999999999999,0.0,21.5,allocation_plus_excess_supported,0.9333333333333335,7.0,0.4999999999999991,0.0,allocation_balanced_supported,0.0,0.0,7.499999999999999,0.0,volume_shortage_supported
2026-07-08,22,18.0,2,2,11.0,12.0,23.0,86.0,26.0,9,23.0,1.2777777777777777,18.0,0.0,5.0,allocation_plus_excess_supported,4.777777777777778,18.0,0.0,68.0,allocation_plus_excess_supported,1.4444444444444444,18.0,0.0,8.0,allocation_plus_excess_supported,1.2777777777777777,18.0,0.0,5.0,allocation_plus_excess_supported
2026-07-08,89,35.552850017698894,5,5,9.0,18.0,3.0,3.0,3.0,3,2.0,0.08438142085673982,3.0,32.552850017698894,0.0,volume_shortage_supported,0.08438142085673982,3.0,32.552850017698894,0.0,volume_shortage_supported,0.08438142085673982,3.0,32.552850017698894,0.0,volume_shortage_supported,0.05625428057115988,2.0,33.552850017698894,0.0,volume_shortage_supported
2026-07-08,107,37.0,8,8,13.0,18.0,9.0,10.0,39.0,6,7.0,0.24324324324324326,9.0,28.0,0.0,mixed_supported,0.2702702702702703,10.0,27.0,0.0,mixed_supported,1.054054054054054,37.0,0.0,2.0,allocation_balanced_supported,0.1891891891891892,7.0,30.0,0.0,mixed_supported
2026-07-08,221,21.784783773043763,4,4,10.0,16.0,21.0,35.0,35.0,9,17.0,0.9639755996102727,21.0,0.7847837730437632,0.0,allocation_balanced_supported,1.6066259993504544,21.784783773043763,0.0,13.215216226956237,allocation_plus_excess_supported,1.6066259993504544,21.784783773043763,0.0,13.215216226956237,allocation_plus_excess_supported,0.7803611996845065,17.0,4.784783773043763,0.0,mixed_supported
2026-07-08,222,14.930972934517158,4,4,15.0,16.0,23.0,23.0,44.0,6,23.0,1.5404220542674087,14.930972934517158,0.0,8.069027065482842,allocation_plus_excess_supported,1.5404220542674087,14.930972934517158,0.0,8.069027065482842,allocation_plus_excess_supported,2.9468943646854777,14.930972934517158,0.0,29.069027065482842,allocation_plus_excess_supported,1.5404220542674087,14.930972934517158,0.0,8.069027065482842,allocation_plus_excess_supported
2026-07-08,257,10.96355069741706,3,3,17.0,18.0,27.0,38.0,37.0,10,27.0,2.462705809930812,10.96355069741706,0.0,16.036449302582938,allocation_plus_excess_supported,3.4660303991618835,10.96355069741706,0.0,27.036449302582938,allocation_plus_excess_supported,3.3748190728681497,10.96355069741706,0.0,26.036449302582938,allocation_plus_excess_supported,2.462705809930812,10.96355069741706,0.0,16.036449302582938,allocation_plus_excess_supported
2026-07-09,20,7.491387995841651,1,1,15.0,15.0,15.0,37.0,15.0,6,14.0,2.0022991745089507,7.491387995841651,0.0,7.508612004158349,allocation_plus_excess_supported,4.939004630455411,7.491387995841651,0.0,29.508612004158348,allocation_plus_excess_supported,2.0022991745089507,7.491387995841651,0.0,7.508612004158349,allocation_plus_excess_supported,1.8688125628750205,7.491387995841651,0.0,6.508612004158349,allocation_plus_excess_supported
2026-07-09,22,30.29283744757553,2,2,13.0,17.0,13.0,65.0,24.0,4,11.0,0.42914434880844904,13.0,17.29283744757553,0.0,mixed_supported,2.145721744042245,30.29283744757553,0.0,34.70716255242447,allocation_plus_excess_supported,0.792266490107906,24.0,6.292837447575529,0.0,mixed_supported,0.36312214129945686,11.0,19.29283744757553,0.0,mixed_supported
2026-07-09,28,3.0,1,1,14.0,14.0,9.0,10.0,30.0,4,9.0,3.0,3.0,0.0,6.0,allocation_plus_excess_supported,3.3333333333333335,3.0,0.0,7.0,allocation_plus_excess_supported,10.0,3.0,0.0,27.0,allocation_plus_excess_supported,3.0,3.0,0.0,6.0,allocation_plus_excess_supported
2026-07-09,89,35.95,4,4,10.0,17.0,6.0,7.0,29.0,3,6.0,0.16689847009735742,6.0,29.950000000000003,0.0,mixed_supported,0.19471488178025034,7.0,28.950000000000003,0.0,mixed_supported,0.8066759388038942,29.0,6.950000000000003,0.0,mixed_supported,0.16689847009735742,6.0,29.950000000000003,0.0,mixed_supported
2026-07-09,107,26.88905431692801,2,2,14.0,17.0,19.0,40.0,28.0,9,17.0,0.7066072230007191,19.0,7.889054316928011,0.0,mixed_supported,1.4875941536857245,26.88905431692801,0.0,13.11094568307199,allocation_plus_excess_supported,1.0413159075800071,26.88905431692801,0.0,1.1109456830719893,allocation_balanced_supported,0.6322275153164328,17.0,9.88905431692801,0.0,mixed_supported
2026-07-09,221,10.5,2,2,13.0,15.0,42.0,64.0,42.0,14,30.0,4.0,10.5,0.0,31.5,allocation_plus_excess_supported,6.095238095238095,10.5,0.0,53.5,allocation_plus_excess_supported,4.0,10.5,0.0,31.5,allocation_plus_excess_supported,2.857142857142857,10.5,0.0,19.5,allocation_plus_excess_supported
2026-07-09,222,45.52896405919662,5,5,8.0,15.0,28.0,34.0,35.0,4,27.0,0.6149931275307403,28.0,17.528964059196618,0.0,mixed_supported,0.7467773691444705,34.0,11.528964059196618,0.0,mixed_supported,0.7687414094134255,35.0,10.528964059196618,0.0,mixed_supported,0.5930290872617854,27.0,18.528964059196618,0.0,mixed_supported
2026-07-09,257,6.920545653417332,2,2,14.0,17.0,26.0,32.0,28.0,8,23.0,3.7569291934605364,6.920545653417332,0.0,19.07945434658267,allocation_plus_excess_supported,4.623912853489891,6.920545653417332,0.0,25.07945434658267,allocation_plus_excess_supported,4.045923746803655,6.920545653417332,0.0,21.07945434658267,allocation_plus_excess_supported,3.3234373634458594,6.920545653417332,0.0,16.07945434658267,allocation_plus_excess_supported
2026-07-10,16,3.0000000000000004,1,1,14.0,14.0,23.0,26.0,38.0,5,23.0,7.666666666666665,3.0000000000000004,0.0,20.0,allocation_plus_excess_supported,8.666666666666666,3.0000000000000004,0.0,23.0,allocation_plus_excess_supported,12.666666666666664,3.0000000000000004,0.0,35.0,allocation_plus_excess_supported,7.666666666666665,3.0000000000000004,0.0,20.0,allocation_plus_excess_supported
2026-07-10,22,3.0,1,1,18.0,18.0,43.0,100.0,64.0,11,41.0,14.333333333333334,3.0,0.0,40.0,allocation_plus_excess_supported,33.333333333333336,3.0,0.0,97.0,allocation_plus_excess_supported,21.333333333333332,3.0,0.0,61.0,allocation_plus_excess_supported,13.666666666666666,3.0,0.0,38.0,allocation_plus_excess_supported
2026-07-10,28,25.890840932946467,4,4,13.0,18.0,28.0,29.0,31.0,4,22.0,1.081463521116056,25.890840932946467,0.0,2.1091590670535325,allocation_balanced_supported,1.1200872182987722,25.890840932946467,0.0,3.1091590670535325,allocation_plus_excess_supported,1.1973346126642048,25.890840932946467,0.0,5.1091590670535325,allocation_plus_excess_supported,0.8497213380197584,22.0,3.8908409329464675,0.0,mixed_supported
2026-07-10,80,22.738759300382704,4,4,14.0,17.0,15.0,19.0,15.0,3,14.0,0.6596665984211172,15.0,7.7387593003827035,0.0,mixed_supported,0.8355776913334151,19.0,3.7387593003827035,0.0,mixed_supported,0.6596665984211172,15.0,7.7387593003827035,0.0,mixed_supported,0.6156888251930427,14.0,8.738759300382704,0.0,mixed_supported
2026-07-10,89,10.166666666666664,2,2,12.0,18.0,2.0,9.0,8.0,1,2.0,0.1967213114754099,2.0,8.166666666666664,0.0,mixed_supported,0.8852459016393445,9.0,1.1666666666666643,0.0,mixed_supported,0.7868852459016396,8.0,2.1666666666666643,0.0,mixed_supported,0.1967213114754099,2.0,8.166666666666664,0.0,mixed_supported
2026-07-10,107,17.062711584681512,2,2,14.0,18.0,33.0,46.0,47.0,9,31.0,1.9340419508483397,17.062711584681512,0.0,15.937288415318488,allocation_plus_excess_supported,2.6959372648188977,17.062711584681512,0.0,28.937288415318488,allocation_plus_excess_supported,2.754544596662787,17.062711584681512,0.0,29.937288415318488,allocation_plus_excess_supported,1.8168272871605617,17.062711584681512,0.0,13.937288415318488,allocation_plus_excess_supported
2026-07-10,221,8.0,3,3,9.0,15.0,47.0,72.0,51.0,12,43.0,5.875,8.0,0.0,39.0,allocation_plus_excess_supported,9.0,8.0,0.0,64.0,allocation_plus_excess_supported,6.375,8.0,0.0,43.0,allocation_plus_excess_supported,5.375,8.0,0.0,35.0,allocation_plus_excess_supported
2026-07-10,222,27.166666666666664,5,5,9.0,14.0,4.0,10.0,11.0,2,2.0,0.147239263803681,4.0,23.166666666666664,0.0,mixed_supported,0.3680981595092025,10.0,17.166666666666664,0.0,mixed_supported,0.40490797546012275,11.0,16.166666666666664,0.0,mixed_supported,0.0736196319018405,2.0,25.166666666666664,0.0,volume_shortage_supported
2026-07-10,257,10.5,2,2,7.0,14.0,19.0,25.0,20.0,7,18.0,1.8095238095238095,10.5,0.0,8.5,allocation_plus_excess_supported,2.380952380952381,10.5,0.0,14.5,allocation_plus_excess_supported,1.9047619047619047,10.5,0.0,9.5,allocation_plus_excess_supported,1.7142857142857142,10.5,0.0,7.5,allocation_plus_excess_supported
2026-07-11,16,12.244975137698436,2,2,13.0,15.0,47.0,58.0,47.0,8,45.0,3.8383091408084407,12.244975137698436,0.0,34.75502486230157,allocation_plus_excess_supported,4.73663681206148,12.244975137698436,0.0,45.75502486230157,allocation_plus_excess_supported,3.8383091408084407,12.244975137698436,0.0,34.75502486230157,allocation_plus_excess_supported,3.6749768369442517,12.244975137698436,0.0,32.75502486230157,allocation_plus_excess_supported
2026-07-11,20,3.75,1,1,12.0,12.0,27.0,52.0,29.0,8,25.0,7.2,3.75,0.0,23.25,allocation_plus_excess_supported,13.866666666666667,3.75,0.0,48.25,allocation_plus_excess_supported,7.733333333333333,3.75,0.0,25.25,allocation_plus_excess_supported,6.666666666666667,3.75,0.0,21.25,allocation_plus_excess_supported
2026-07-11,21,40.27286100466362,4,4,12.0,18.0,38.0,53.0,48.0,8,18.0,0.9435634581709896,38.0,2.2728610046636177,0.0,allocation_balanced_supported,1.3160227179753277,40.27286100466362,0.0,12.727138995336382,allocation_plus_excess_supported,1.1918696313738817,40.27286100466362,0.0,7.727138995336382,allocation_plus_excess_supported,0.44695111176520563,18.0,22.272861004663618,0.0,mixed_supported
2026-07-11,22,18.31567220477794,3,3,9.0,18.0,27.0,70.0,31.0,12,12.0,1.47414736942915,18.31567220477794,0.0,8.68432779522206,allocation_plus_excess_supported,3.8218635503718703,18.31567220477794,0.0,51.68432779522206,allocation_plus_excess_supported,1.6925395723075427,18.31567220477794,0.0,12.68432779522206,allocation_plus_excess_supported,0.6551766086351778,12.0,6.31567220477794,0.0,mixed_supported
2026-07-11,28,7.500000000000002,1,1,13.0,13.0,36.0,56.0,60.0,9,36.0,4.799999999999999,7.500000000000002,0.0,28.5,allocation_plus_excess_supported,7.466666666666665,7.500000000000002,0.0,48.5,allocation_plus_excess_supported,7.999999999999998,7.500000000000002,0.0,52.5,allocation_plus_excess_supported,4.799999999999999,7.500000000000002,0.0,28.5,allocation_plus_excess_supported
2026-07-11,80,10.611796750148374,1,1,14.0,14.0,56.0,75.0,71.0,14,48.0,5.277145927169874,10.611796750148374,0.0,45.38820324985163,allocation_plus_excess_supported,7.067606152459653,10.611796750148374,0.0,64.38820324985163,allocation_plus_excess_supported,6.690667157661805,10.611796750148374,0.0,60.38820324985163,allocation_plus_excess_supported,4.523267937574178,10.611796750148374,0.0,37.38820324985163,allocation_plus_excess_supported
2026-07-11,89,26.825566061990237,7,7,8.0,18.0,43.0,54.0,62.0,12,40.0,1.6029484671687018,26.825566061990237,0.0,16.174433938009763,allocation_plus_excess_supported,2.0130050517932534,26.825566061990237,0.0,27.174433938009763,allocation_plus_excess_supported,2.311228022429291,26.825566061990237,0.0,35.17443393800976,allocation_plus_excess_supported,1.4911148531801877,26.825566061990237,0.0,13.174433938009763,allocation_plus_excess_supported
2026-07-11,107,28.55649808808589,3,3,14.0,18.0,11.0,34.0,11.0,5,11.0,0.38520129345234144,11.0,17.55649808808589,0.0,mixed_supported,1.1906221797617826,28.55649808808589,0.0,5.443501911914112,allocation_plus_excess_supported,0.38520129345234144,11.0,17.55649808808589,0.0,mixed_supported,0.38520129345234144,11.0,17.55649808808589,0.0,mixed_supported
2026-07-11,221,9.75,3,3,11.0,13.0,70.0,73.0,73.0,19,60.0,7.17948717948718,9.75,0.0,60.25,allocation_plus_excess_supported,7.487179487179487,9.75,0.0,63.25,allocation_plus_excess_supported,7.487179487179487,9.75,0.0,63.25,allocation_plus_excess_supported,6.153846153846154,9.75,0.0,50.25,allocation_plus_excess_supported
2026-07-11,222,16.773689531156393,3,3,13.0,14.0,75.0,97.0,100.0,17,59.0,4.471288195759841,16.773689531156393,0.0,58.22631046884361,allocation_plus_excess_supported,5.782866066516061,16.773689531156393,0.0,80.22631046884361,allocation_plus_excess_supported,5.961717594346455,16.773689531156393,0.0,83.22631046884361,allocation_plus_excess_supported,3.5174133806644083,16.773689531156393,0.0,42.22631046884361,allocation_plus_excess_supported
2026-07-11,257,20.5,5,5,9.0,16.0,24.0,40.0,24.0,10,20.0,1.170731707317073,20.5,0.0,3.5,allocation_plus_excess_supported,1.951219512195122,20.5,0.0,19.5,allocation_plus_excess_supported,1.170731707317073,20.5,0.0,3.5,allocation_plus_excess_supported,0.975609756097561,20.0,0.5,0.0,allocation_balanced_supported
2026-07-12,16,12.166666666666666,2,2,13.0,17.0,11.0,20.0,42.0,7,6.0,0.904109589041096,11.0,1.166666666666666,0.0,allocation_balanced_supported,1.6438356164383563,12.166666666666666,0.0,7.833333333333334,allocation_plus_excess_supported,3.452054794520548,12.166666666666666,0.0,29.833333333333336,allocation_plus_excess_supported,0.4931506849315069,6.0,6.166666666666666,0.0,mixed_supported
2026-07-12,21,7.5,2,2,13.0,17.0,4.0,33.0,4.0,4,1.0,0.5333333333333333,4.0,3.5,0.0,mixed_supported,4.4,7.5,0.0,25.5,allocation_plus_excess_supported,0.5333333333333333,4.0,3.5,0.0,mixed_supported,0.13333333333333333,1.0,6.5,0.0,mixed_supported
2026-07-12,22,21.98431816598513,2,2,16.0,16.0,2.0,10.0,3.0,2,1.0,0.09097393809986187,2.0,19.98431816598513,0.0,volume_shortage_supported,0.45486969049930936,10.0,11.98431816598513,0.0,mixed_supported,0.1364609071497928,3.0,18.98431816598513,0.0,mixed_supported,0.045486969049930936,1.0,20.98431816598513,0.0,volume_shortage_supported
2026-07-12,80,18.0,4,4,9.0,16.0,43.0,62.0,43.0,13,39.0,2.388888888888889,18.0,0.0,25.0,allocation_plus_excess_supported,3.4444444444444446,18.0,0.0,44.0,allocation_plus_excess_supported,2.388888888888889,18.0,0.0,25.0,allocation_plus_excess_supported,2.1666666666666665,18.0,0.0,21.0,allocation_plus_excess_supported
2026-07-12,89,31.916666666666664,3,3,12.0,17.0,14.0,24.0,27.0,5,12.0,0.4386422976501306,14.0,17.916666666666664,0.0,mixed_supported,0.751958224543081,24.0,7.916666666666664,0.0,mixed_supported,0.8459530026109661,27.0,4.916666666666664,0.0,mixed_supported,0.3759791122715405,12.0,19.916666666666664,0.0,mixed_supported
2026-07-12,107,16.205311847754032,3,3,11.0,16.0,32.0,48.0,51.0,5,32.0,1.9746611666985616,16.205311847754032,0.0,15.794688152245968,allocation_plus_excess_supported,2.9619917500478423,16.205311847754032,0.0,31.794688152245968,allocation_plus_excess_supported,3.1471162344258325,16.205311847754032,0.0,34.79468815224597,allocation_plus_excess_supported,1.9746611666985616,16.205311847754032,0.0,15.794688152245968,allocation_plus_excess_supported
2026-07-12,221,13.5,2,2,12.0,17.0,103.0,103.0,113.0,23,61.0,7.62962962962963,13.5,0.0,89.5,allocation_plus_excess_supported,7.62962962962963,13.5,0.0,89.5,allocation_plus_excess_supported,8.37037037037037,13.5,0.0,99.5,allocation_plus_excess_supported,4.518518518518518,13.5,0.0,47.5,allocation_plus_excess_supported
2026-07-12,222,9.75,5,5,9.0,13.0,39.0,54.0,39.0,7,20.0,4.0,9.75,0.0,29.25,allocation_plus_excess_supported,5.538461538461538,9.75,0.0,44.25,allocation_plus_excess_supported,4.0,9.75,0.0,29.25,allocation_plus_excess_supported,2.051282051282051,9.75,0.0,10.25,allocation_plus_excess_supported
2026-07-12,257,9.91176721504868,2,2,15.0,16.0,28.0,32.0,43.0,12,24.0,2.8249251008930685,9.91176721504868,0.0,18.08823278495132,allocation_plus_excess_supported,3.228485829592078,9.91176721504868,0.0,22.08823278495132,allocation_plus_excess_supported,4.338277833514355,9.91176721504868,0.0,33.088232784951316,allocation_plus_excess_supported,2.4213643721940583,9.91176721504868,0.0,14.08823278495132,allocation_plus_excess_supported
2026-07-13,16,13.52583160411731,3,3,12.0,18.0,35.0,48.0,37.0,10,33.0,2.587641264833275,13.52583160411731,0.0,21.474168395882693,allocation_plus_excess_supported,3.54876516319992,13.52583160411731,0.0,34.47416839588269,allocation_plus_excess_supported,2.735506479966605,13.52583160411731,0.0,23.474168395882693,allocation_plus_excess_supported,2.439776049699945,13.52583160411731,0.0,19.474168395882693,allocation_plus_excess_supported
2026-07-13,20,14.743589743589745,3,3,10.0,16.0,7.0,27.0,7.0,4,6.0,0.47478260869565214,7.0,7.7435897435897445,0.0,mixed_supported,1.8313043478260869,14.743589743589745,0.0,12.256410256410255,allocation_plus_excess_supported,0.47478260869565214,7.0,7.7435897435897445,0.0,mixed_supported,0.4069565217391304,6.0,8.743589743589745,0.0,mixed_supported
2026-07-13,21,10.5,3,3,13.0,16.0,62.0,67.0,106.0,11,61.0,5.904761904761905,10.5,0.0,51.5,allocation_plus_excess_supported,6.380952380952381,10.5,0.0,56.5,allocation_plus_excess_supported,10.095238095238095,10.5,0.0,95.5,allocation_plus_excess_supported,5.809523809523809,10.5,0.0,50.5,allocation_plus_excess_supported
2026-07-13,22,34.61666666666667,6,6,12.0,18.0,92.0,130.0,95.0,14,61.0,2.6576793452094365,34.61666666666667,0.0,57.38333333333333,allocation_plus_excess_supported,3.7554164660568126,34.61666666666667,0.0,95.38333333333333,allocation_plus_excess_supported,2.74434280211844,34.61666666666667,0.0,60.38333333333333,allocation_plus_excess_supported,1.762156957149735,34.61666666666667,0.0,26.383333333333333,allocation_plus_excess_supported
2026-07-13,89,15.643240901213172,2,2,15.0,17.0,20.0,29.0,25.0,7,18.0,1.278507447804435,15.643240901213172,0.0,4.356759098786828,allocation_plus_excess_supported,1.8538357993164305,15.643240901213172,0.0,13.356759098786828,allocation_plus_excess_supported,1.5981343097555436,15.643240901213172,0.0,9.356759098786828,allocation_plus_excess_supported,1.1506567030239914,15.643240901213172,0.0,2.356759098786828,allocation_plus_excess_supported
2026-07-13,107,34.5,5,5,12.0,18.0,13.0,13.0,20.0,6,5.0,0.37681159420289856,13.0,21.5,0.0,mixed_supported,0.37681159420289856,13.0,21.5,0.0,mixed_supported,0.5797101449275363,20.0,14.5,0.0,mixed_supported,0.14492753623188406,5.0,29.5,0.0,mixed_supported
2026-07-13,221,26.39990602642905,5,5,10.0,17.0,98.0,117.0,98.0,18,73.0,3.7121344258533275,26.39990602642905,0.0,71.60009397357095,allocation_plus_excess_supported,4.43183395739632,26.39990602642905,0.0,90.60009397357095,allocation_plus_excess_supported,3.7121344258533275,26.39990602642905,0.0,71.60009397357095,allocation_plus_excess_supported,2.765161358033601,26.39990602642905,0.0,46.60009397357095,allocation_plus_excess_supported
2026-07-13,222,37.00050764175965,5,5,13.0,17.0,2.0,2.0,3.0,2,2.0,0.05405331244003671,2.0,35.00050764175965,0.0,volume_shortage_supported,0.05405331244003671,2.0,35.00050764175965,0.0,volume_shortage_supported,0.08107996866005507,3.0,34.00050764175965,0.0,volume_shortage_supported,0.05405331244003671,2.0,35.00050764175965,0.0,volume_shortage_supported
2026-07-14,20,13.04387297633873,2,2,12.0,17.0,3.0,6.0,5.0,2,3.0,0.22999304006117874,3.0,10.04387297633873,0.0,mixed_supported,0.4599860801223575,6.0,7.043872976338729,0.0,mixed_supported,0.3833217334352979,5.0,8.04387297633873,0.0,mixed_supported,0.22999304006117874,3.0,10.04387297633873,0.0,mixed_supported
2026-07-14,21,6.188304950253311,1,1,16.0,16.0,44.0,68.0,49.0,10,39.0,7.110186125879093,6.188304950253311,0.0,37.81169504974669,allocation_plus_excess_supported,10.988469467267688,6.188304950253311,0.0,61.81169504974669,allocation_plus_excess_supported,7.918161822001717,6.188304950253311,0.0,42.81169504974669,allocation_plus_excess_supported,6.302210429756468,6.188304950253311,0.0,32.81169504974669,allocation_plus_excess_supported
2026-07-14,22,6.25,1,1,17.0,17.0,6.0,27.0,20.0,2,4.0,0.96,6.0,0.25,0.0,allocation_balanced_supported,4.32,6.25,0.0,20.75,allocation_plus_excess_supported,3.2,6.25,0.0,13.75,allocation_plus_excess_supported,0.64,4.0,2.25,0.0,mixed_supported
2026-07-14,28,35.54000904159132,4,4,14.0,17.0,27.0,46.0,29.0,7,23.0,0.7597071787011302,27.0,8.540009041591318,0.0,mixed_supported,1.2943159340834072,35.54000904159132,0.0,10.459990958408682,allocation_plus_excess_supported,0.8159817845308436,29.0,6.540009041591318,0.0,mixed_supported,0.6471579670417036,23.0,12.540009041591318,0.0,mixed_supported
2026-07-14,80,26.42255437139157,2,2,16.0,16.0,4.0,22.0,9.0,3,2.0,0.15138581772892143,4.0,22.42255437139157,0.0,mixed_supported,0.8326219975090678,22.0,4.42255437139157,0.0,mixed_supported,0.3406180898900732,9.0,17.42255437139157,0.0,mixed_supported,0.07569290886446071,2.0,24.42255437139157,0.0,volume_shortage_supported
2026-07-14,89,3.750000000000001,2,2,15.0,16.0,38.0,48.0,56.0,9,37.0,10.133333333333331,3.750000000000001,0.0,34.25,allocation_plus_excess_supported,12.799999999999997,3.750000000000001,0.0,44.25,allocation_plus_excess_supported,14.93333333333333,3.750000000000001,0.0,52.25,allocation_plus_excess_supported,9.866666666666664,3.750000000000001,0.0,33.25,allocation_plus_excess_supported
2026-07-14,107,13.307092347225868,4,4,12.0,17.0,8.0,18.0,54.0,5,8.0,0.6011831729467002,8.0,5.307092347225868,0.0,mixed_supported,1.3526621391300755,13.307092347225868,0.0,4.692907652774132,allocation_plus_excess_supported,4.057986417390226,13.307092347225868,0.0,40.69290765277413,allocation_plus_excess_supported,0.6011831729467002,8.0,5.307092347225868,0.0,mixed_supported
2026-07-14,221,12.0,3,3,12.0,14.0,54.0,72.0,85.0,11,40.0,4.5,12.0,0.0,42.0,allocation_plus_excess_supported,6.0,12.0,0.0,60.0,allocation_plus_excess_supported,7.083333333333333,12.0,0.0,73.0,allocation_plus_excess_supported,3.3333333333333335,12.0,0.0,28.0,allocation_plus_excess_supported
2026-07-14,222,14.070628080896554,3,3,9.0,16.0,6.0,6.0,25.0,3,6.0,0.4264201971300837,6.0,8.070628080896554,0.0,mixed_supported,0.4264201971300837,6.0,8.070628080896554,0.0,mixed_supported,1.7767508213753487,14.070628080896554,0.0,10.929371919103446,allocation_plus_excess_supported,0.4264201971300837,6.0,8.070628080896554,0.0,mixed_supported
2026-07-14,257,3.0,1,1,14.0,14.0,4.0,17.0,4.0,3,3.0,1.3333333333333333,3.0,0.0,1.0,allocation_plus_excess_supported,5.666666666666667,3.0,0.0,14.0,allocation_plus_excess_supported,1.3333333333333333,3.0,0.0,1.0,allocation_plus_excess_supported,1.0,3.0,0.0,0.0,allocation_balanced_supported
2026-07-15,16,16.226022801412963,4,4,9.0,18.0,19.0,30.0,39.0,7,17.0,1.1709585418766624,16.226022801412963,0.0,2.773977198587037,allocation_plus_excess_supported,1.848881908226309,16.226022801412963,0.0,13.773977198587037,allocation_plus_excess_supported,2.4035464806942017,16.226022801412963,0.0,22.773977198587037,allocation_plus_excess_supported,1.0476997479949084,16.226022801412963,0.0,0.773977198587037,allocation_balanced_supported
2026-07-15,20,3.0,1,1,16.0,16.0,36.0,47.0,46.0,7,31.0,12.0,3.0,0.0,33.0,allocation_plus_excess_supported,15.666666666666666,3.0,0.0,44.0,allocation_plus_excess_supported,15.333333333333334,3.0,0.0,43.0,allocation_plus_excess_supported,10.333333333333334,3.0,0.0,28.0,allocation_plus_excess_supported
2026-07-15,22,28.93130563222836,2,2,14.0,15.0,30.0,50.0,35.0,8,30.0,1.036939030037454,28.93130563222836,0.0,1.0686943677716414,allocation_balanced_supported,1.7282317167290897,28.93130563222836,0.0,21.06869436777164,allocation_plus_excess_supported,1.2097622017103629,28.93130563222836,0.0,6.068694367771641,allocation_plus_excess_supported,1.036939030037454,28.93130563222836,0.0,1.0686943677716414,allocation_balanced_supported
2026-07-15,28,20.0,1,1,15.0,15.0,18.0,29.0,31.0,7,18.0,0.9,18.0,2.0,0.0,allocation_balanced_supported,1.45,20.0,0.0,9.0,allocation_plus_excess_supported,1.55,20.0,0.0,11.0,allocation_plus_excess_supported,0.9,18.0,2.0,0.0,allocation_balanced_supported
2026-07-15,80,18.75,2,2,14.0,15.0,26.0,42.0,41.0,8,24.0,1.3866666666666667,18.75,0.0,7.25,allocation_plus_excess_supported,2.24,18.75,0.0,23.25,allocation_plus_excess_supported,2.1866666666666665,18.75,0.0,22.25,allocation_plus_excess_supported,1.28,18.75,0.0,5.25,allocation_plus_excess_supported
2026-07-15,89,36.72222222222223,5,5,12.0,17.0,2.0,15.0,32.0,2,2.0,0.054462934947049915,2.0,34.72222222222223,0.0,volume_shortage_supported,0.40847201210287437,15.0,21.72222222222223,0.0,mixed_supported,0.8714069591527986,32.0,4.7222222222222285,0.0,mixed_supported,0.054462934947049915,2.0,34.72222222222223,0.0,volume_shortage_supported
2026-07-15,107,22.5,6,6,12.0,18.0,48.0,64.0,49.0,13,45.0,2.1333333333333333,22.5,0.0,25.5,allocation_plus_excess_supported,2.8444444444444446,22.5,0.0,41.5,allocation_plus_excess_supported,2.1777777777777776,22.5,0.0,26.5,allocation_plus_excess_supported,2.0,22.5,0.0,22.5,allocation_plus_excess_supported
2026-07-15,221,12.75,5,5,11.0,18.0,45.0,74.0,60.0,16,33.0,3.5294117647058822,12.75,0.0,32.25,allocation_plus_excess_supported,5.803921568627451,12.75,0.0,61.25,allocation_plus_excess_supported,4.705882352941177,12.75,0.0,47.25,allocation_plus_excess_supported,2.588235294117647,12.75,0.0,20.25,allocation_plus_excess_supported
2026-07-15,222,22.5,3,3,12.0,16.0,11.0,11.0,11.0,4,11.0,0.4888888888888889,11.0,11.5,0.0,mixed_supported,0.4888888888888889,11.0,11.5,0.0,mixed_supported,0.4888888888888889,11.0,11.5,0.0,mixed_supported,0.4888888888888889,11.0,11.5,0.0,mixed_supported
2026-07-16,16,40.8113609256491,3,3,15.0,17.0,12.0,19.0,31.0,7,10.0,0.2940357716044271,12.0,28.811360925649097,0.0,mixed_supported,0.4655566383736763,19.0,21.811360925649097,0.0,mixed_supported,0.7595924099781034,31.0,9.811360925649097,0.0,mixed_supported,0.24502980967035595,10.0,30.811360925649097,0.0,mixed_supported
2026-07-16,21,8.682842213459534,1,1,17.0,17.0,25.0,110.0,62.0,5,25.0,2.8792415415826342,8.682842213459534,0.0,16.317157786540466,allocation_plus_excess_supported,12.66866278296359,8.682842213459534,0.0,101.31715778654046,allocation_plus_excess_supported,7.140519023124933,8.682842213459534,0.0,53.31715778654046,allocation_plus_excess_supported,2.8792415415826342,8.682842213459534,0.0,16.317157786540466,allocation_plus_excess_supported
2026-07-16,22,6.5,1,1,17.0,17.0,51.0,103.0,52.0,10,51.0,7.846153846153846,6.5,0.0,44.5,allocation_plus_excess_supported,15.846153846153847,6.5,0.0,96.5,allocation_plus_excess_supported,8.0,6.5,0.0,45.5,allocation_plus_excess_supported,7.846153846153846,6.5,0.0,44.5,allocation_plus_excess_supported
2026-07-16,28,16.270253903394398,2,2,17.0,17.0,1.0,6.0,37.0,1,0.0,0.061461855846722466,1.0,15.270253903394398,0.0,volume_shortage_supported,0.3687711350803348,6.0,10.270253903394398,0.0,mixed_supported,2.274088666328731,16.270253903394398,0.0,20.729746096605602,allocation_plus_excess_supported,0.0,0.0,16.270253903394398,0.0,volume_shortage_supported
2026-07-16,80,3.0,1,1,15.0,15.0,8.0,31.0,9.0,3,8.0,2.6666666666666665,3.0,0.0,5.0,allocation_plus_excess_supported,10.333333333333334,3.0,0.0,28.0,allocation_plus_excess_supported,3.0,3.0,0.0,6.0,allocation_plus_excess_supported,2.6666666666666665,3.0,0.0,5.0,allocation_plus_excess_supported
2026-07-16,89,6.87725424456387,1,1,17.0,17.0,7.0,7.0,14.0,5,6.0,1.0178480758557318,6.87725424456387,0.0,0.12274575543612976,allocation_balanced_supported,1.0178480758557318,6.87725424456387,0.0,0.12274575543612976,allocation_balanced_supported,2.0356961517114636,6.87725424456387,0.0,7.12274575543613,allocation_plus_excess_supported,0.8724412078763416,6.0,0.8772542445638702,0.0,mixed_supported
2026-07-16,107,40.40955164376523,5,5,15.0,18.0,20.0,42.0,56.0,6,19.0,0.4949324896329502,20.0,20.409551643765226,0.0,mixed_supported,1.0393582282291955,40.40955164376523,0.0,1.5904483562347735,allocation_balanced_supported,1.3858109709722606,40.40955164376523,0.0,15.590448356234774,allocation_plus_excess_supported,0.47018586515130273,19.0,21.409551643765226,0.0,mixed_supported
2026-07-16,221,18.0,3,3,10.0,17.0,16.0,21.0,20.0,7,11.0,0.8888888888888888,16.0,2.0,0.0,mixed_supported,1.1666666666666667,18.0,0.0,3.0,allocation_plus_excess_supported,1.1111111111111112,18.0,0.0,2.0,allocation_plus_excess_supported,0.6111111111111112,11.0,7.0,0.0,mixed_supported
2026-07-16,222,8.249130158323052,2,2,14.0,15.0,20.0,42.0,31.0,6,14.0,2.42449805205471,8.249130158323052,0.0,11.750869841676948,allocation_plus_excess_supported,5.091445909314891,8.249130158323052,0.0,33.750869841676945,allocation_plus_excess_supported,3.7579719806848004,8.249130158323052,0.0,22.75086984167695,allocation_plus_excess_supported,1.697148636438297,8.249130158323052,0.0,5.750869841676948,allocation_plus_excess_supported
2026-07-16,257,27.832769260213006,4,4,16.0,17.0,17.0,23.0,29.0,12,15.0,0.6107908214617196,17.0,10.832769260213006,0.0,mixed_supported,0.826364052565856,23.0,4.832769260213006,0.0,mixed_supported,1.0419372836699923,27.832769260213006,0.0,1.1672307397869943,allocation_balanced_supported,0.5389330777603408,15.0,12.832769260213006,0.0,mixed_supported
2026-07-17,16,27.38533811891388,3,3,12.0,18.0,13.0,18.0,20.0,6,13.0,0.47470657267588956,13.0,14.385338118913879,0.0,mixed_supported,0.6572860237050778,18.0,9.385338118913879,0.0,mixed_supported,0.7303178041167532,20.0,7.385338118913879,0.0,mixed_supported,0.47470657267588956,13.0,14.385338118913879,0.0,mixed_supported
2026-07-17,20,12.75,2,2,13.0,15.0,1.0,1.0,7.0,1,0.0,0.0784313725490196,1.0,11.75,0.0,volume_shortage_supported,0.0784313725490196,1.0,11.75,0.0,volume_shortage_supported,0.5490196078431373,7.0,5.75,0.0,mixed_supported,0.0,0.0,12.75,0.0,volume_shortage_supported
2026-07-17,21,10.5,1,1,16.0,16.0,0.0,0.0,5.0,0,0.0,0.0,0.0,10.5,0.0,volume_shortage_supported,0.0,0.0,10.5,0.0,volume_shortage_supported,0.47619047619047616,5.0,5.5,0.0,mixed_supported,0.0,0.0,10.5,0.0,volume_shortage_supported
2026-07-17,22,10.274728597780399,3,3,13.0,16.0,14.0,62.0,18.0,6,12.0,1.3625664042380987,10.274728597780399,0.0,3.725271402219601,allocation_plus_excess_supported,6.034222647340151,10.274728597780399,0.0,51.725271402219605,allocation_plus_excess_supported,1.7518710911632698,10.274728597780399,0.0,7.725271402219601,allocation_plus_excess_supported,1.1679140607755132,10.274728597780399,0.0,1.725271402219601,allocation_plus_excess_supported
2026-07-17,28,7.5,1,1,14.0,14.0,31.0,31.0,33.0,5,31.0,4.133333333333334,7.5,0.0,23.5,allocation_plus_excess_supported,4.133333333333334,7.5,0.0,23.5,allocation_plus_excess_supported,4.4,7.5,0.0,25.5,allocation_plus_excess_supported,4.133333333333334,7.5,0.0,23.5,allocation_plus_excess_supported
2026-07-17,89,53.49597062572928,6,6,11.0,17.0,4.0,5.0,18.0,2,4.0,0.07477198662278634,4.0,49.49597062572928,0.0,volume_shortage_supported,0.09346498327848292,5.0,48.49597062572928,0.0,volume_shortage_supported,0.3364739398025385,18.0,35.49597062572928,0.0,mixed_supported,0.07477198662278634,4.0,49.49597062572928,0.0,volume_shortage_supported
2026-07-17,107,45.25,4,4,12.0,17.0,33.0,57.0,45.0,8,31.0,0.7292817679558011,33.0,12.25,0.0,mixed_supported,1.2596685082872927,45.25,0.0,11.75,allocation_plus_excess_supported,0.994475138121547,45.0,0.25,0.0,allocation_balanced_supported,0.6850828729281768,31.0,14.25,0.0,mixed_supported
2026-07-17,221,16.625104636214985,3,3,15.0,17.0,55.0,60.0,79.0,16,40.0,3.3082498548725994,16.625104636214985,0.0,38.374895363785015,allocation_plus_excess_supported,3.608999841679199,16.625104636214985,0.0,43.374895363785015,allocation_plus_excess_supported,4.751849791544279,16.625104636214985,0.0,62.374895363785015,allocation_plus_excess_supported,2.4059998944527994,16.625104636214985,0.0,23.374895363785015,allocation_plus_excess_supported
2026-07-17,222,69.99329356696339,9,9,8.0,16.0,22.0,33.0,29.0,7,15.0,0.31431582768643895,22.0,47.99329356696339,0.0,mixed_supported,0.47147374152965843,33.0,36.99329356696339,0.0,mixed_supported,0.4143254092230332,29.0,40.99329356696339,0.0,mixed_supported,0.21430624614984473,15.0,54.99329356696339,0.0,mixed_supported
2026-07-17,257,31.69709499904767,4,4,14.0,18.0,6.0,7.0,6.0,3,6.0,0.18929179472693847,6.0,25.69709499904767,0.0,mixed_supported,0.22084042718142824,7.0,24.69709499904767,0.0,mixed_supported,0.18929179472693847,6.0,25.69709499904767,0.0,mixed_supported,0.18929179472693847,6.0,25.69709499904767,0.0,mixed_supported
2026-07-18,16,22.0,2,2,15.0,18.0,18.0,18.0,18.0,8,11.0,0.8181818181818182,18.0,4.0,0.0,mixed_supported,0.8181818181818182,18.0,4.0,0.0,mixed_supported,0.8181818181818182,18.0,4.0,0.0,mixed_supported,0.5,11.0,11.0,0.0,mixed_supported
2026-07-18,20,18.265258155883156,4,4,10.0,16.0,15.0,18.0,22.0,6,11.0,0.821231206916644,15.0,3.2652581558831564,0.0,mixed_supported,0.9854774482999729,18.0,0.2652581558831564,0.0,allocation_balanced_supported,1.204472436811078,18.265258155883156,0.0,3.7347418441168436,allocation_plus_excess_supported,0.602236218405539,11.0,7.265258155883156,0.0,mixed_supported
2026-07-18,21,23.75,2,2,12.0,14.0,13.0,28.0,36.0,6,9.0,0.5473684210526316,13.0,10.75,0.0,mixed_supported,1.1789473684210525,23.75,0.0,4.25,allocation_plus_excess_supported,1.5157894736842106,23.75,0.0,12.25,allocation_plus_excess_supported,0.37894736842105264,9.0,14.75,0.0,mixed_supported
2026-07-18,22,12.80073864018551,3,3,10.0,17.0,20.0,63.0,27.0,7,18.0,1.5624098391645747,12.80073864018551,0.0,7.199261359814489,allocation_plus_excess_supported,4.92159099336841,12.80073864018551,0.0,50.199261359814486,allocation_plus_excess_supported,2.1092532828721757,12.80073864018551,0.0,14.19926135981449,allocation_plus_excess_supported,1.4061688552481173,12.80073864018551,0.0,5.199261359814489,allocation_plus_excess_supported
2026-07-18,80,7.499999999999999,1,1,15.0,15.0,75.0,106.0,91.0,16,44.0,10.000000000000002,7.499999999999999,0.0,67.5,allocation_plus_excess_supported,14.133333333333335,7.499999999999999,0.0,98.5,allocation_plus_excess_supported,12.133333333333335,7.499999999999999,0.0,83.5,allocation_plus_excess_supported,5.866666666666667,7.499999999999999,0.0,36.5,allocation_plus_excess_supported
2026-07-18,89,36.41956223384674,7,7,11.0,18.0,58.0,58.0,67.0,14,43.0,1.5925507184185028,36.41956223384674,0.0,21.58043776615326,allocation_plus_excess_supported,1.5925507184185028,36.41956223384674,0.0,21.58043776615326,allocation_plus_excess_supported,1.839670657483443,36.41956223384674,0.0,30.58043776615326,allocation_plus_excess_supported,1.1806841533102694,36.41956223384674,0.0,6.58043776615326,allocation_plus_excess_supported
2026-07-18,107,39.57375543317933,6,6,10.0,17.0,44.0,62.0,52.0,12,37.0,1.1118479790045306,39.57375543317933,0.0,4.426244566820671,allocation_plus_excess_supported,1.566694879506384,39.57375543317933,0.0,22.42624456682067,allocation_plus_excess_supported,1.3140021570053544,39.57375543317933,0.0,12.426244566820671,allocation_plus_excess_supported,0.9349630732538098,37.0,2.573755433179329,0.0,allocation_balanced_supported
2026-07-18,221,10.5,3,3,11.0,11.0,83.0,90.0,101.0,22,76.0,7.904761904761905,10.5,0.0,72.5,allocation_plus_excess_supported,8.571428571428571,10.5,0.0,79.5,allocation_plus_excess_supported,9.619047619047619,10.5,0.0,90.5,allocation_plus_excess_supported,7.238095238095238,10.5,0.0,65.5,allocation_plus_excess_supported
2026-07-18,222,28.5,4,4,10.0,12.0,63.0,78.0,88.0,15,60.0,2.210526315789474,28.5,0.0,34.5,allocation_plus_excess_supported,2.736842105263158,28.5,0.0,49.5,allocation_plus_excess_supported,3.087719298245614,28.5,0.0,59.5,allocation_plus_excess_supported,2.1052631578947367,28.5,0.0,31.5,allocation_plus_excess_supported
2026-07-18,257,23.89444784205301,6,6,11.0,17.0,62.0,62.0,65.0,16,62.0,2.5947450390915985,23.89444784205301,0.0,38.10555215794699,allocation_plus_excess_supported,2.5947450390915985,23.89444784205301,0.0,38.10555215794699,allocation_plus_excess_supported,2.7202972184024823,23.89444784205301,0.0,41.10555215794699,allocation_plus_excess_supported,2.5947450390915985,23.89444784205301,0.0,38.10555215794699,allocation_plus_excess_supported
2026-07-19,16,17.674649376234328,4,4,11.0,18.0,14.0,19.0,62.0,7,8.0,0.7920949209224296,14.0,3.6746493762343277,0.0,mixed_supported,1.0749859641090116,17.674649376234328,0.0,1.3253506237656723,allocation_balanced_supported,3.507848935513617,17.674649376234328,0.0,44.32535062376567,allocation_plus_excess_supported,0.4526256690985312,8.0,9.674649376234328,0.0,mixed_supported
2026-07-19,22,4.186376537369915,1,1,17.0,17.0,13.0,18.0,54.0,5,11.0,3.1053107344632767,4.186376537369915,0.0,8.813623462630085,allocation_plus_excess_supported,4.299661016949153,4.186376537369915,0.0,13.813623462630085,allocation_plus_excess_supported,12.898983050847457,4.186376537369915,0.0,49.81362346263008,allocation_plus_excess_supported,2.6275706214689265,4.186376537369915,0.0,6.813623462630085,allocation_plus_excess_supported
2026-07-19,28,49.39009035762602,4,4,14.0,18.0,0.0,3.0,0.0,0,0.0,0.0,0.0,49.39009035762602,0.0,volume_shortage_supported,0.060740929572662514,3.0,46.39009035762602,0.0,volume_shortage_supported,0.0,0.0,49.39009035762602,0.0,volume_shortage_supported,0.0,0.0,49.39009035762602,0.0,volume_shortage_supported
2026-07-19,89,6.662490084320381,1,1,17.0,17.0,23.0,52.0,24.0,9,22.0,3.4521627362911347,6.662490084320381,0.0,16.337509915679618,allocation_plus_excess_supported,7.8048896646582175,6.662490084320381,0.0,45.33750991567962,allocation_plus_excess_supported,3.6022567683037927,6.662490084320381,0.0,17.337509915679618,allocation_plus_excess_supported,3.3020687042784767,6.662490084320381,0.0,15.337509915679618,allocation_plus_excess_supported
2026-07-19,107,32.80607451012259,4,4,15.0,17.0,32.0,35.0,84.0,5,18.0,0.9754291081100279,32.0,0.8060745101225919,0.0,allocation_balanced_supported,1.066875586995343,32.80607451012259,0.0,2.193925489877408,allocation_balanced_supported,2.560501408788823,32.80607451012259,0.0,51.19392548987741,allocation_plus_excess_supported,0.5486788733118907,18.0,14.806074510122592,0.0,mixed_supported
2026-07-19,221,2.0,1,1,16.0,16.0,108.0,120.0,118.0,22,52.0,54.0,2.0,0.0,106.0,allocation_plus_excess_supported,60.0,2.0,0.0,118.0,allocation_plus_excess_supported,59.0,2.0,0.0,116.0,allocation_plus_excess_supported,26.0,2.0,0.0,50.0,allocation_plus_excess_supported
2026-07-19,222,11.25,1,1,14.0,14.0,37.0,39.0,37.0,5,33.0,3.2888888888888888,11.25,0.0,25.75,allocation_plus_excess_supported,3.466666666666667,11.25,0.0,27.75,allocation_plus_excess_supported,3.2888888888888888,11.25,0.0,25.75,allocation_plus_excess_supported,2.933333333333333,11.25,0.0,21.75,allocation_plus_excess_supported
2026-07-19,257,21.48107028296334,6,6,13.0,18.0,28.0,54.0,30.0,8,13.0,1.3034732269465563,21.48107028296334,0.0,6.518929717036659,allocation_plus_excess_supported,2.51384122339693,21.48107028296334,0.0,32.518929717036656,allocation_plus_excess_supported,1.396578457442739,21.48107028296334,0.0,8.51892971703666,allocation_plus_excess_supported,0.6051839982251869,13.0,8.48107028296334,0.0,mixed_supported
