experiment,mae,wmape,bias,baseline_mae,delta
H_H1_demand_correction,3.4670545618370703,24.55582612995751,-0.3589474508814741,3.33,0.1370545618370702
