experiment,mae,wmape,bias,baseline_mae,delta
I_combined(G(G2_robust_rolling)),3.3209529599393557,23.52104416459738,0.6632437029509036,3.33,-0.009047040060644385
