experiment,mae,wmape,bias,baseline_mae,delta
J_J1_full_mean,3.3304494604442776,23.588304258455945,0.6677948919223592,3.33,0.0004494604442775163
