experiment,mae,wmape,bias,baseline_mae,delta
C_store_clusters,3.4315013366857334,24.304016185924535,0.6300114778924991,3.33,0.10150133668573336
