experiment,mae,wmape,bias,baseline_mae,delta
A_per_category,3.372987955505336,23.889588207098488,0.7071337807587552,3.33,0.04298795550533585
