experiment,mae,wmape,bias,baseline_mae,delta
B_stacking,3.589961285740628,25.426327614300824,1.4833038764571962,3.33,0.2599612857406277
