experiment,mae,wmape,bias,baseline_mae,delta
E_residual,3.3334980804651857,23.609896472202376,0.6132390141979689,3.33,0.0034980804651856268
