experiment,mae,wmape,bias,baseline_mae,delta
D_two_stage,3.431104963222554,24.301208823746997,0.4429727037744295,3.33,0.10110496322255402
