experiment,mae,wmape,bias,baseline_mae,delta
D2_soft_routing,3.345919474488341,23.697872472142418,0.6965681405469926,3.33,0.015919474488340857
