experiment,mae,wmape,bias,baseline_mae,delta
F_clip_p99,3.5159499816498827,24.902133753924787,0.9805634397046867,3.33,0.18594998164988263
