{
  "experiment": "69_quantile_intervals_v3",
  "target": "Спрос",
  "features": "FEATURES_V3",
  "quantiles": [
    "P10",
    "P50",
    "P90"
  ],
  "n_features": 58,
  "train_rows": 2231972,
  "test_rows": 424562,
  "test_days": 24,
  "train_time_s": 893.1,
  "p10_mae": 4.4534,
  "p50_mae": 2.9275,
  "p90_mae": 5.127,
  "p10_pinball_loss": 0.546577,
  "p50_pinball_loss": 1.463754,
  "p90_pinball_loss": 0.824828,
  "mae": 2.9275,
  "mse": 29.2784,
  "rmse": 5.4109,
  "wmape": 27.92,
  "bias": 0.7854,
  "r2": 0.8849,
  "coverage_pct": 76.98,
  "interval_width_mean": 8.5471,
  "interval_width_median": 6.4727,
  "interval_width_p90": 16.8645,
  "interval_asymmetry_mean": 1.7172,
  "crossing_p10_p50_pct": 0.01,
  "crossing_p50_p90_pct": 0.01,
  "crossing_any_pct": 0.01,
  "timestamp": "2026-04-17T12:14:27.077894"
}